tree
version=v4
num_class=1
num_tree_per_iteration=1
label_index=0
max_feature_idx=9
objective=binary sigmoid:1
feature_names=Column_0 Column_1 Column_2 Column_3 Column_4 Column_5 Column_6 Column_7 Column_8 Column_9
feature_infos=[-2.1869119435126154:2.7129561034130409] [-3.0023385673037053:2.4575399319317723] [-2.5862802362652988:2.5543560131742384] [-1.7285762741698323:1.777125378082675] [-1.6628371857262509:1.695948337002426] [-1.5056398264321404:1.9012044290810413] [-1.8156772522542848:1.73909391438496] [-1.68026387185309:2.3392781225739228] [-2.685694948542483:2.5221667677307704] [-2.0214272148827188:2.0437729419828559]
tree_sizes=961 1283 1277 1284 1281 1395 1166 1289 1187 1175 1184 1178 1286 1382 1288 1180 1380 1174 1282 1289 1284 1186 1181 1289 1286 1278 1383 1389 1185 1179 1176 1185 1382 1389 1287 1285 1380 1291 1391 1292 1389 1288 1288 1295 1290 1288 1182 1287 1290 1376 1393 1481 1288 1482 1294 1392 1283 1282 1292 1278 1391 1394 1071 1399 1380 1400 1179 1284 1395 1288 1393 1287 1076 1291 1400 1295 1279 1394 1289 1285 1391 1398 1190 1395 1181 1391 1393 1286 1179 1285 1286 1388 1285 1291 1289 1282 1291 1388 1292 1291

Tree=0
num_leaves=8
num_cat=0
split_feature=2 8 8 5 6 3 8
split_gain=59.7034 14.3015 11.4297 10.8125 7.79253 1.84749 1.16446
threshold=0.15599211506534308 1.510973928169679 -0.5048111446378124 0.6480025129075333 -0.53890936769195863 -0.49961633386936638 0.38353062843528613
decision_type=2 2 2 2 2 2 2
left_child=2 -2 3 -1 -4 -6 -7
right_child=1 -3 4 -5 5 6 -8
leaf_value=-0.012060033681063648 -0.040000000000000008 0.012206839941654495 0.010034021851526029 0.030603296762629007 0.02547613192256799 0.03999999999999998 0.031247034493085028
leaf_weight=5.3784060478210431 7.7499999999999982 2.8784060478210449 6.006812095642089 4.2568120956420898 6.8852181434631303 18.157925128936775 9.1397595405578596
leaf_count=17 31 7 15 8 14 29 17
internal_value=0.0171725 -0.0258612 0.0263522 0.0067885 0.0310425 0.0347342 0.0370693
internal_weight=60.4533 10.6284 49.8249 9.63522 40.1897 34.1829 27.2977
internal_count=138 38 100 25 75 60 46
is_linear=0
shrinkage=0.02


Tree=1
num_leaves=11
num_cat=0
split_feature=2 9 6 3 4 7 5 6 0 5
split_gain=57.3538 10.0058 9.03962 9.14123 4.04935 2.38523 5.30542 1.48338 0.537656 0.000329343
threshold=0.15599211506534308 0.65475786625052523 -0.53890936769195863 1.0219027846190063 -0.9281788942661825 0.081087795369074608 -0.063184337802066212 0.75723758682633158 -0.41858625411874678 -0.13985748299698988
decision_type=2 2 2 2 2 2 2 2 2 2
left_child=2 9 3 -1 -4 6 -6 -7 -9 -2
right_child=1 -3 4 -5 5 7 -8 8 -10 -11
leaf_value=-0.015043867048104799 -0.039496729183283404 0.0016033355154827348 0.00755913872412805 0.028782815194705352 0.0083866054271186791 0.026018781769211446 0.034437108365512531 0.032043516834388094 0.039391171553570872 -0.039215787572790747
leaf_weight=4.0021023154258719 2.7491722851991653 3.6277268081903458 3.127766788005828 3.6305851936340332 5.1293205618858329 6.0073204189538982 8.0113417506217939 5.5073219388723365 14.397220849990847 4.2483004778623563
leaf_count=13 11 10 8 7 13 12 14 10 23 17
internal_value=0.0168333 -0.0253517 0.0258314 0.00580285 0.0294557 0.0312094 0.0242686 0.0347293 0.0373582 -0.0393262
internal_weight=60.4382 10.6252 49.813 7.63269 42.1803 39.0525 13.1407 25.9119 19.9045 6.99747
internal_count=138 38 100 20 80 72 27 45 33 28
is_linear=0
shrinkage=0.02


Tree=2
num_leaves=11
num_cat=0
split_feature=8 4 1 9 5 5 4 7 3 9
split_gain=24.8594 21.6794 8.74546 16.6473 9.96056 9.12287 2.88658 1.4363 0.793714 0.000825383
threshold=-0.5527257751460336 1.3370336733352652 -0.4441601708160508 0.5340644724137088 -0.61045125474478046 -0.13985748299698988 1.0000000180025095e-35 0.12877281441861319 0.63635672176186497 -0.2016846854188423
decision_type=2 2 2 2 2 2 2 2 2 2
left_child=1 7 4 -4 -2 -5 -6 -1 9 -8
right_child=2 -3 3 5 6 -7 8 -9 -10 -11
leaf_value=-0.039532892116737495 0.0040500584414714077 0.028094977374106451 -0.019974067826670893 0.036191743440628081 0.019499241634594336 -0.001381290721381065 0.038673220963716601 -0.020711712582167623 0.030691512432088262 0.038969815467116628
leaf_weight=4.2479185461997968 5.624371036887168 3.6264799833297729 4.9987740665674236 7.754644602537156 5.0031201839447048 3.8773014992475483 9.3809130191802979 2.6234947293996811 7.0066058188676825 6.255964159965516
leaf_count=17 15 7 17 13 11 11 15 9 13 10
internal_value=0.0165073 -0.0114674 0.0223923 0.0105499 0.0283119 0.0236674 0.0332476 -0.032347 0.0362854 0.0387919
internal_weight=60.3996 10.4979 49.9017 16.6307 33.271 11.6319 27.6466 6.87141 22.6435 15.6369
internal_count=138 33 105 41 64 24 49 26 38 25
is_linear=0
shrinkage=0.02


Tree=3
num_leaves=11
num_cat=0
split_feature=2 1 7 1 6 8 4 5 8 2
split_gain=54.0142 18.8231 29.93 13.6601 5.57908 2.08982 0.555878 0.0029064 0.00256217 0.000274516
threshold=0.15599211506534308 1.0000000180025095e-35 0.47665578114203039 0.87849099644485662 -0.62495214112011366 -0.5527257751460336 0.50000900427870654 -0.16914085931833894 -0.44679879633326169 0.71720483246180844
decision_type=2 2 2 2 2 2 2 2 2 2
left_child=1 4 -3 8 -1 -6 -7 -8 -2 -10
right_child=3 2 -4 -5 5 6 7 -9 9 -11
leaf_value=0.0093326973146254516 -0.038108820084841497 -0.039657842566618633 0.027205680431091919 0.012443031677949981 0.021977016758776693 0.032474462795977724 0.038612545460149479 0.038088527891279658 -0.039017872693744141 -0.038721333746296376
leaf_weight=4.0017343908548346 2.74277663230896 4.2483679056167585 7.2438491135835648 2.8769936263561249 4.749230250716205 10.123153716325765 6.2520589232444754 13.114569008350374 2.4980436861515027 2.4968353360891342
leaf_count=10 11 17 14 7 10 18 10 21 10 10
internal_value=0.0161913 0.0249328 0.00248801 -0.0247653 0.0316779 0.0342896 0.0362724 0.0382577 -0.0386 -0.0388696
internal_weight=60.3476 49.733 11.4922 10.6146 38.2407 34.239 29.4898 19.3666 7.73766 4.99488
internal_count=138 100 31 38 69 59 49 31 31 20
is_linear=0
shrinkage=0.02


Tree=4
num_leaves=11
num_cat=0
split_feature=2 9 6 3 4 7 5 6 0 4
split_gain=51.9539 9.26645 8.28876 8.50975 3.7433 2.17025 4.75805 1.4064 0.535639 0.000900303
threshold=0.15599211506534308 0.65475786625052523 -0.53890936769195863 1.0219027846190063 -0.9281788942661825 0.081087795369074608 -0.063184337802066212 0.75723758682633158 -0.41858625411874678 0.4289890393636242
decision_type=2 2 2 2 2 2 2 2 2 2
left_child=2 9 3 -1 -4 6 -6 -7 -9 -2
right_child=1 -3 4 -5 5 7 -8 8 -10 -11
leaf_value=-0.014829493815712058 -0.037602277253068896 0.0016295444105519869 0.006883941754084401 0.027480579411424472 0.0079584283348529284 0.024512646379845852 0.032664724663025856 0.030256781200879625 0.037605750261699003 -0.038067471914321992
leaf_weight=3.9994948357343665 4.2319410890340787 3.6265363544225693 3.1228546351194373 3.6247951835393906 5.1174409240484238 5.9879129230976131 7.9802039563655836 5.4843328595161429 14.340585589408876 2.7425260692834854
leaf_count=13 17 10 8 7 13 12 14 10 23 11
internal_value=0.0158912 -0.0243017 0.0244716 0.00528587 0.0279517 0.0296425 0.0230116 0.0330071 0.0355727 -0.0377852
internal_weight=60.2586 10.601 49.6576 7.62429 42.0333 38.9105 13.0976 25.8128 19.8249 6.97447
internal_count=138 38 100 20 80 72 27 45 33 28
is_linear=0
shrinkage=0.02


Tree=5
num_leaves=12
num_cat=0
split_feature=2 1 0 8 4 5 8 0 9 9 8
split_gain=49.9847 18.0009 31.7317 12.9975 5.10218 0.971448 2.26951 0.105753 0.00982054 0.00411853 0.000778956
threshold=0.15599211506534308 1.0000000180025095e-35 0.90845834212063592 1.510973928169679 1.0000000180025095e-35 0.41129137867082138 0.024839668457751932 0.22459231499724594 0.35632084285221405 0.41490841030573422 -0.44679879633326169
decision_type=2 2 2 2 2 2 2 2 2 2 2
left_child=1 4 -3 9 -1 7 -7 8 -6 10 -2
right_child=3 2 -4 -5 5 6 -8 -9 -10 -11 -12
leaf_value=0.012796551364504569 -0.03681829469731538 -0.03938882548684175 0.028771278096325133 0.012430961816840032 0.036837967112250146 0.019809667654277628 0.036974422532442347 0.034381224695404868 0.037935447091390587 -0.038063406952082331 -0.037307681383437277
leaf_weight=5.4903322011232367 2.4808857291936874 4.4939416944980604 6.9686160981655121 2.8754952698945999 6.2150711417198199 5.6069498211145383 6.8399140238761902 7.0947525948286048 6.8625224828720093 2.4912808835506439 2.7354322373867017
leaf_count=13 10 18 13 7 10 12 11 12 11 10 11
internal_value=0.0156005 0.0240241 0.00204884 -0.0238565 0.0306338 0.0336361 0.0292422 0.0363473 0.0374139 -0.0373944 -0.0370749
internal_weight=60.1552 49.5721 11.4626 10.5831 38.1095 32.6192 12.4469 20.1723 13.0776 7.7076 5.21632
internal_count=138 100 31 38 69 56 23 33 21 31 21
is_linear=0
shrinkage=0.02


Tree=6
num_leaves=10
num_cat=0
split_feature=6 8 1 7 6 9 8 9 5
split_gain=29.2934 19.5325 17.1849 7.13538 12.7017 4.74768 2.41531 2.1808 0.11615
threshold=-0.7506651905047198 -0.5527257751460336 -0.3079714151032979 -0.26412563038113895 0.47101012377621387 0.41490841030573422 1.0042809138746274 0.46761648353954216 -0.13985748299698988
decision_type=2 2 2 2 2 2 2 2 2
left_child=5 2 -2 4 -3 -1 7 8 -5
right_child=1 3 -4 6 -6 -7 -8 -9 -10
leaf_value=-0.03796940707915504 0.018111314456671232 0.027314814687622091 -0.037660481483980046 0.033212103657817828 -0.022932686105463663 -0.0037730519616202504 0.017992767685276471 0.023785172770249465 0.036541398565951372
leaf_weight=3.979875534772872 4.9749787151813507 5.7166906744241697 3.9761588424444181 5.8339892327785483 3.10541070997715 2.743443638086319 5.861682876944541 8.9384758472442609 14.888486146926885
leaf_count=16 11 11 16 10 11 8 13 18 24
internal_value=0.0153235 0.0202862 -0.00666291 0.025726 0.00962752 -0.0240156 0.029724 0.0320424 0.0356041
internal_weight=60.0192 53.2959 8.95114 44.3447 8.8221 6.72332 35.5226 29.661 20.7225
internal_count=138 114 27 87 22 24 65 52 34
is_linear=0
shrinkage=0.02


Tree=7
num_leaves=11
num_cat=0
split_feature=2 1 0 1 6 4 5 6 0 9
split_gain=47.1043 16.8405 29.9557 12.3637 5.01425 1.92302 0.453552 0.909805 0.00745593 0.00550542
threshold=0.15599211506534308 1.0000000180025095e-35 0.90845834212063592 0.87849099644485662 -0.62495214112011366 1.0000000180025095e-35 0.41129137867082138 0.75723758682633158 0.31481364647222476 0.40088054948290908
decision_type=2 2 2 2 2 2 2 2 2 2
left_child=1 4 -3 8 -1 -6 9 -8 -2 -7
right_child=3 2 -4 -5 5 6 7 -9 -10 -11
leaf_value=0.0084570576498165326 -0.036067171945590483 -0.038339913009870136 0.027994591619422176 0.012083183643279108 0.020325991859622063 0.035776797109031117 0.024658585157814245 0.036081560457970778 -0.037346158733292632 0.036498594988954858
leaf_weight=3.9898101091384879 4.6913690418004972 4.4819898903369886 6.9388347715139389 2.8717998415231705 4.7273368239402762 11.112602651119238 5.0794597566127759 6.1850974559783936 2.9820943027734756 6.8215813040733329
leaf_count=10 19 18 13 7 10 18 10 10 12 11
internal_value=0.0150519 0.0232527 0.00196227 -0.023316 0.0296657 0.0321599 0.0340758 0.0309307 -0.0365642 0.0360513
internal_weight=59.882 49.3367 11.4208 10.5453 37.9159 33.9261 29.1987 11.2646 7.67346 17.9342
internal_count=138 100 31 38 69 59 49 20 31 29
is_linear=0
shrinkage=0.02


Tree=8
num_leaves=10
num_cat=0
split_feature=2 1 0 8 4 1 2 8 9
split_gain=45.3811 16.2395 28.8404 12.0223 4.80972 0.873673 0.379139 0.00774884 0.00602646
threshold=0.15599211506534308 1.0000000180025095e-35 0.90845834212063592 1.510973928169679 1.0000000180025095e-35 -0.47163125902618647 -0.72347363094311545 -0.38349706859913757 -1.0000000180025095e-35
decision_type=2 2 2 2 2 2 2 2 2
left_child=1 4 -3 7 -1 6 -6 -2 -8
right_child=3 2 -4 -5 5 -7 8 -9 -10
leaf_value=0.011824429493329793 -0.035214079573522107 -0.037652801890847278 0.027512511098337883 0.011981598245133987 0.029730208417256741 0.026556403881664727 0.03518779719268833 -0.036522577543610012 0.035926302099557703
leaf_weight=5.4693582952022544 2.9439541101455688 4.4725944995880109 6.919403612613678 2.8709758669137955 6.0591226816177324 8.4020371288061195 9.8290417194366437 4.7011114209890348 8.031586706638338
leaf_count=13 12 18 13 7 11 16 16 19 13
internal_value=0.0147966 0.0228597 0.00192806 -0.0229142 0.0291694 0.0321045 0.0340533 -0.0360187 0.0355199
internal_weight=59.6992 49.1831 11.392 10.516 37.7911 32.3218 23.9198 7.64507 17.8606
internal_count=138 100 31 38 69 56 40 31 29
is_linear=0
shrinkage=0.02


Tree=9
num_leaves=10
num_cat=0
split_feature=2 1 0 1 6 8 2 2 8
split_gain=43.7368 15.6626 27.7813 11.6804 4.88926 1.92809 0.396445 0.11423 0.00759246
threshold=0.15599211506534308 1.0000000180025095e-35 0.90845834212063592 0.87849099644485662 -0.62495214112011366 -0.5527257751460336 -0.2550922309320241 -0.82104660383922112 -0.38349706859913757
decision_type=2 2 2 2 2 2 2 2 2
left_child=1 4 -3 8 -1 -6 7 -7 -2
right_child=3 2 -4 -5 5 6 -8 -9 -10
leaf_value=0.0077306610705655645 -0.03468782130374224 -0.037003063930419057 0.027047671170198795 0.01186696726949581 0.019286478072102538 0.031947332728964523 0.028792914010012126 0.035211938564335854 -0.035985928868777495
leaf_weight=3.98110507428646 2.9289942234754562 4.4602269828319532 6.897769495844841 2.8685836791992188 4.700334638357158 5.7823960185050955 6.6105766147375205 16.580822944641113 4.6851541846990568
leaf_count=10 12 18 13 7 10 10 12 27 19
internal_value=0.0145507 0.022481 0.00189528 -0.0225284 0.0286904 0.0311683 0.0330959 0.0343678 -0.0354866
internal_weight=59.496 49.0132 11.358 10.4827 37.6552 33.6741 28.9738 22.3632 7.61415
internal_count=138 100 31 38 69 59 49 37 31
is_linear=0
shrinkage=0.02


Tree=10
num_leaves=10
num_cat=0
split_feature=2 1 0 8 4 1 2 8 3
split_gain=42.1699 15.1125 26.7744 11.3722 4.70995 0.85532 0.376466 0.00770221 0.00641962
threshold=0.15599211506534308 1.0000000180025095e-35 0.90845834212063592 1.510973928169679 1.0000000180025095e-35 -0.47163125902618647 -0.72347363094311545 -0.38349706859913757 0.42355515129122501
decision_type=2 2 2 2 2 2 2 2 2
left_child=1 4 -3 7 -1 6 -6 -2 -8
right_child=3 2 -4 -5 5 -7 8 -9 -10
leaf_value=0.011040137981018477 -0.034187227955540592 -0.036387839297377975 0.026598985073955705 0.011767900484175531 0.028768875573157434 0.025646019621961003 0.0342158110213251 -0.035498000614566573 0.034981489557718716
leaf_weight=5.4487867653369895 2.9126084893941879 4.4450742304325086 6.8740791380405426 2.8673720359802246 6.0154486745595888 8.3442597985267692 9.7292796969413775 4.6655343472957593 7.9664325118064871
leaf_count=13 12 18 13 7 11 16 16 19 13
internal_value=0.014315 0.0221181 0.00186382 -0.0221577 0.028231 0.0311532 0.0330912 -0.0349942 0.0345605
internal_weight=59.2689 48.8234 11.3192 10.4455 37.5042 32.0554 23.7112 7.57814 17.6957
internal_count=138 100 31 38 69 56 40 31 29
is_linear=0
shrinkage=0.02


Tree=11
num_leaves=10
num_cat=0
split_feature=2 1 7 1 6 8 2 5 8
split_gain=40.6728 14.5844 24.2338 11.0618 4.78134 1.8941 0.396246 0.13609 0.00754416
threshold=0.15599211506534308 1.0000000180025095e-35 0.47665578114203039 0.87849099644485662 -0.62495214112011366 -0.5527257751460336 -0.2550922309320241 -0.54051870279950875 -0.38349706859913757
decision_type=2 2 2 2 2 2 2 2 2
left_child=1 4 -3 8 -1 -6 7 -7 -2
right_child=3 2 -4 -5 5 6 -8 -9 -10
leaf_value=0.0070380268057606199 -0.033710554062814285 -0.036369453231811705 0.024336445035855327 0.011655491731596024 0.018449293884219661 0.030798198062081027 0.02785456735386041 0.034380333996679419 -0.035011340334699541
leaf_weight=3.9700047522783271 2.8948944956064224 4.1797787994146329 7.096009224653244 2.864644318819046 4.6741899549961046 5.7182405889034262 6.544393867254267 16.436069250106812 4.6451619267463666
leaf_count=10 12 17 14 7 10 10 12 27 19
internal_value=0.0140876 0.021768 0.00183361 -0.021801 0.0277873 0.0302556 0.0321785 0.0334558 -0.0345119
internal_weight=59.0234 48.6187 11.2758 10.4047 37.3429 33.3729 28.6987 22.1543 7.54006
internal_count=138 100 31 38 69 59 49 37 31
is_linear=0
shrinkage=0.02


Tree=12
num_leaves=11
num_cat=0
split_feature=2 1 0 8 8 0 1 8 7 8
split_gain=39.2394 14.0882 25.2414 10.7822 2.09314 1.75659 0.361627 0.517496 0.00887952 0.00764728
threshold=0.15599211506534308 1.0000000180025095e-35 0.90845834212063592 1.510973928169679 -0.5527257751460336 0.40209491935728409 -0.76697054989298763 -0.060891994402056802 0.65517171010659803 -0.38349706859913757
decision_type=2 2 2 2 2 2 2 2 2 2
left_child=1 4 -3 9 -1 6 8 -8 -6 -2
right_child=3 2 -4 -5 5 -7 7 -9 -10 -11
leaf_value=0.015199808209756667 -0.03325621037185604 -0.035487429858890716 0.025901949107489181 0.011558973151825287 0.034649089899678874 0.020113519755944768 0.033685840580231531 0.025790340517930308 0.033566471601579162 -0.034569799381804579
leaf_weight=4.9128784090280524 2.8759450614452362 4.4103972464799863 6.8247751742601395 2.8630701005458832 6.0957762002944893 6.7180333733558646 6.0394039750099129 7.3758566230535614 6.0261883735656738 4.6214381754398328
leaf_count=11 12 18 13 7 10 14 10 14 10 19
internal_value=0.0138675 0.0214287 0.00180338 -0.0214577 0.027361 0.0292133 0.0316072 0.0293448 0.0341109 -0.0340659
internal_weight=58.7638 48.4033 11.2352 10.3605 37.1681 32.2553 25.5372 13.4153 12.122 7.49738
internal_count=138 100 31 38 69 58 44 24 20 31
is_linear=0
shrinkage=0.02


Tree=13
num_leaves=12
num_cat=0
split_feature=6 8 4 7 0 4 8 6 1 0 5
split_gain=24.3187 16.1095 14.8364 5.78602 10.7175 3.76645 1.92828 1.49923 1.42782 0.526521 0.130569
threshold=-0.7506651905047198 -0.5527257751460336 1.3370336733352652 -0.26412563038113895 -0.23382278944875842 0.50000900427870654 1.0042809138746274 0.41210575839095259 -0.50863218525888876 0.45026542505592798 -0.063184337802066212
decision_type=2 2 2 2 2 2 2 2 2 2 2
left_child=5 2 7 4 -3 -1 8 -2 10 -10 -5
right_child=1 3 -4 6 -6 -7 -8 -9 9 -11 -12
leaf_value=-0.035140322747120124 -0.038322459681768305 0.025103631411796116 0.02518625835698407 0.029725911775967232 -0.021600121061350716 -0.004423353439197821 0.016387049034564824 -0.016870501707582249 0.017941509140389604 0.027185938586651828 0.033360775521190725
leaf_weight=3.8853082656860343 2.6872329413890821 5.5584995597600937 3.5267069935798645 5.6403117179870597 3.0404627174139005 2.7108003199100494 5.783863127231597 2.530086562037468 4.5980048030614906 5.3109894841909409 13.213771164417265
leaf_count=16 11 11 7 10 11 8 13 9 10 10 22
internal_value=0.0136553 0.0182534 -0.00650051 0.0232701 0.00858989 -0.0225166 0.0269241 -0.0279195 0.0290429 0.0228963 0.0322734
internal_weight=58.486 51.8899 8.74403 43.1459 8.59896 6.59611 34.5469 5.21732 28.7631 9.90899 18.8541
internal_count=138 114 27 87 22 24 65 20 52 20 32
is_linear=0
shrinkage=0.02


Tree=14
num_leaves=11
num_cat=0
split_feature=2 1 0 1 4 6 2 4 0 0
split_gain=37.1525 13.3313 23.9421 10.3532 4.56402 1.02058 0.458094 0.168899 0.00954751 0.0094583
threshold=0.15599211506534308 1.0000000180025095e-35 0.90845834212063592 0.87849099644485662 1.0000000180025095e-35 0.17135604752657965 -0.85626826048423743 0.60587243336968033 -0.41858625411874678 0.31481364647222476
decision_type=2 2 2 2 2 2 2 2 2 2
left_child=1 4 -3 9 -1 6 -6 -7 -9 -2
right_child=3 2 -4 -5 5 7 -8 8 -10 -11
leaf_value=0.0096373979135333451 -0.032912321949828016 -0.034788937821349182 0.025239774468783251 0.011323203351998079 0.018839179655989326 0.029280761487343931 0.027600225120919364 0.032724875571567377 0.033735140147664697 -0.034374027839433878
leaf_weight=5.3915855288505545 4.5224070399999601 4.375656530261038 6.7691012173891068 2.8549432009458542 3.7722419202327728 6.1650965809822109 6.5022333413362521 7.7341988682746869 7.2487047910690308 2.9102184921503067
leaf_count=13 19 18 13 7 8 11 12 13 12 12
internal_value=0.0134381 0.020836 0.00167129 -0.0210498 0.0266378 0.0295548 0.0243836 0.0320671 0.0332136 -0.0334846
internal_weight=58.2464 47.9588 11.1448 10.2876 36.8141 31.4225 10.2745 21.148 14.9829 7.43263
internal_count=138 100 31 38 69 56 20 36 25 31
is_linear=0
shrinkage=0.02


Tree=15
num_leaves=10
num_cat=0
split_feature=2 1 7 8 6 8 4 8 5
split_gain=35.8757 12.8808 21.7526 10.0631 4.55586 1.76175 0.479554 0.00891146 0.00336776
threshold=0.15599211506534308 1.0000000180025095e-35 0.47665578114203039 1.510973928169679 -0.62495214112011366 -0.5527257751460336 0.50000900427870654 -0.38349706859913757 -0.13985748299698988
decision_type=2 2 2 2 2 2 2 2 2
left_child=1 4 -3 7 -1 -6 -7 -2 -8
right_child=3 2 -4 -5 5 6 8 -9 -10
leaf_value=0.0059404594602701626 -0.03217951945114237 -0.0348736118304823 0.023131505633519657 0.011161530531717576 0.017258382924747663 0.026985946162520758 0.032848894902103576 -0.033609562526133598 0.032283573705677783
leaf_weight=3.9423780441284171 2.8210627287626266 4.107500493526457 6.9816623032093048 2.8536173105239868 4.6211763322353319 9.6895025223493629 6.5564640760421744 4.5614279955625516 11.803685009479524
leaf_count=10 12 17 14 7 10 18 11 19 20
internal_value=0.01324 0.0205303 0.00164602 -0.0207342 0.0262499 0.0287006 0.0305857 -0.0330631 0.0324855
internal_weight=57.9385 47.7024 11.0892 10.2361 36.6132 32.6708 28.0497 7.38249 18.3601
internal_count=138 100 31 38 69 59 49 31 31
is_linear=0
shrinkage=0.02


Tree=16
num_leaves=12
num_cat=0
split_feature=6 8 4 3 7 9 8 0 9 6 5
split_gain=22.3846 14.8279 13.7488 5.4635 9.18349 4.15888 2.42271 4.11111 9.69781 1.49792 0.00278749
threshold=-0.7506651905047198 -0.5527257751460336 1.3370336733352652 -0.49961633386936638 1.5606329772903533 0.41490841030573422 0.14684108861482212 0.45026542505592798 -0.39996981140850457 0.41210575839095259 -0.13985748299698988
decision_type=2 2 2 2 2 2 2 2 2 2 2
left_child=5 2 9 4 -3 -1 10 8 -8 -2 -5
right_child=1 3 -4 6 -6 -7 7 -9 -10 -11 -12
leaf_value=-0.035196292798486836 -0.037589659618019231 -0.014839809113090153 0.024308269911229741 0.032464426215640517 0.027634786379093265 -0.0027381209042923117 0.03247661286450558 0.031258715336305601 -0.0051817754233587946 -0.016006000002428477 0.031900539549786971
leaf_weight=3.8391600996255866 2.6589237749576551 3.8430801928043348 3.4806206822395325 7.695712685585022 4.3305895626544952 2.6821889728307724 5.3232269287109313 9.2065084129571897 5.626503050327309 2.491214856505394 6.4419660568237287
leaf_count=16 11 13 7 13 8 8 9 16 17 9 11
internal_value=0.0130478 0.0175011 -0.00639742 0.022358 0.00766416 -0.0218465 0.0258602 0.0214082 0.0131259 -0.0271493 0.0322075
internal_weight=57.6197 51.0983 8.63076 42.4676 8.17367 6.52135 34.2939 20.1562 10.9497 5.15014 14.1377
internal_count=138 114 27 87 21 24 66 42 26 20 24
is_linear=0
shrinkage=0.02


Tree=17
num_leaves=10
num_cat=0
split_feature=2 8 4 6 8 3 0 3 8
split_gain=33.7586 11.3366 15.8607 13.3599 9.74128 1.6341 0.908399 0.238901 0.00927909
threshold=0.15599211506534308 -0.5527257751460336 1.3370336733352652 -0.91420322424116252 1.510973928169679 -0.49961633386936638 -1.08113466237004 0.58409296674374656 -0.38349706859913757
decision_type=2 2 2 2 2 2 2 2 2
left_child=1 2 -1 -3 8 -5 -7 -8 -2
right_child=4 3 -4 5 -6 6 7 -9 -10
leaf_value=-0.02649307460352885 -0.031563061254691889 -0.019785954815432688 0.033010568362111567 0.018146982106184859 0.011117192462941792 0.021759770678407061 0.028789004382420453 0.032680690634817974 -0.033031247407877079
leaf_weight=4.4708240032196036 2.7816651165485382 2.5797905027866355 2.9902594089508057 6.4682400226592973 2.8518217951059341 5.3956332206726065 12.210877388715753 13.055790126323698 4.5195027291774732
leaf_count=17 12 9 5 14 7 11 22 22 19
internal_value=0.0128539 0.0199744 -0.00264515 0.0242243 -0.0202284 0.0272821 0.0292091 0.0307999 -0.0324719
internal_weight=57.3244 47.1714 7.46108 39.7103 10.153 37.1305 30.6623 25.2667 7.30117
internal_count=138 100 22 78 38 69 55 44 31
is_linear=0
shrinkage=0.02


Tree=18
num_leaves=11
num_cat=0
split_feature=2 1 0 1 4 6 2 4 0 0
split_gain=32.6164 12.122 21.6684 9.66238 4.35178 0.968082 0.419213 0.152182 0.0127486 0.0106502
threshold=0.15599211506534308 1.0000000180025095e-35 0.90845834212063592 0.87849099644485662 1.0000000180025095e-35 0.17135604752657965 -0.85626826048423743 0.60587243336968033 0.31481364647222476 -0.23382278944875842
decision_type=2 2 2 2 2 2 2 2 2 2
left_child=1 4 -3 8 -1 6 -6 -7 -2 -9
right_child=3 2 -4 -5 5 7 -8 9 -10 -11
leaf_value=0.0086057872076660009 -0.031513381848747309 -0.03374266972579941 0.023926924925981426 0.011312981989213931 0.017770976047929949 0.027999653450127289 0.026230032890509205 0.031297656088575578 -0.03322924741958138 0.032385376327674707
leaf_weight=5.3257223367691031 4.3927136510610563 4.2968752235174161 6.6231423318386078 2.8427692651748657 3.7131454944610596 6.0086251050233868 6.3527120202779788 8.0843761563301069 2.8595280349254608 6.4921624064445487
leaf_count=13 19 18 13 7 8 11 12 14 12 11
internal_value=0.0126713 0.019691 0.00123474 -0.0199395 0.0252931 0.0281926 0.0231096 0.030678 -0.0321899 0.0317821
internal_weight=56.9918 46.8968 10.92 10.095 35.9767 30.651 10.0659 20.5852 7.25224 14.5765
internal_count=138 100 31 38 69 56 20 36 31 25
is_linear=0
shrinkage=0.02


Tree=19
num_leaves=11
num_cat=0
split_feature=2 1 0 1 4 6 2 4 0 0
split_gain=31.5258 11.7238 20.9414 9.37102 4.25442 0.957595 0.411009 0.148656 0.0115935 0.00969378
threshold=0.15599211506534308 1.0000000180025095e-35 0.90845834212063592 0.87849099644485662 1.0000000180025095e-35 0.17135604752657965 -0.85626826048423743 0.60587243336968033 0.31481364647222476 -0.23382278944875842
decision_type=2 2 2 2 2 2 2 2 2 2
left_child=1 4 -3 8 -1 6 -6 -7 -2 -9
right_child=3 2 -4 -5 5 7 -8 9 -10 -11
leaf_value=0.0084451648042773945 -0.031157477349796316 -0.033294084260659648 0.023576188173256709 0.011090463358665755 0.017475028198526983 0.027660580299046039 0.025869588768694111 0.030949728516645156 -0.032800138031893494 0.031991808206031862
leaf_weight=5.318546622991561 4.3544173091649991 4.2679629772901517 6.5875977277755737 2.8418200314044952 3.7006351202726364 5.9611131548881557 6.312802195549013 8.0124751329421979 2.839202806353569 6.4411016106605521
leaf_count=13 19 18 13 7 8 11 12 14 12 11
internal_value=0.0124963 0.0194206 0.00121712 -0.0196585 0.0249486 0.0278332 0.0227672 0.0303181 -0.0318058 0.0314141
internal_weight=56.6377 46.6022 10.8556 10.0354 35.7467 30.4281 10.0134 20.4147 7.19362 14.4536
internal_count=138 100 31 38 69 56 20 36 31 25
is_linear=0
shrinkage=0.02


Tree=20
num_leaves=11
num_cat=0
split_feature=2 1 0 1 6 4 5 6 0 9
split_gain=30.4794 11.341 20.2455 9.09259 4.18243 1.59058 0.410128 0.939968 0.0105554 0.00308529
threshold=0.15599211506534308 1.0000000180025095e-35 0.90845834212063592 0.87849099644485662 -0.62495214112011366 1.0000000180025095e-35 0.41129137867082138 0.75723758682633158 0.31481364647222476 0.40088054948290908
decision_type=2 2 2 2 2 2 2 2 2 2
left_child=1 4 -3 8 -1 -6 9 -8 -2 -7
right_child=3 2 -4 -5 5 6 7 -9 -10 -11
leaf_value=0.0050896806606031261 -0.030816401617553897 -0.032865792268689679 0.023234829306166289 0.010872904927783813 0.016103265040788881 0.03061775531800015 0.019200684093509893 0.031221692300870886 -0.032390206781267417 0.031179740372154381
leaf_weight=3.9057802557945207 4.3149561434984189 4.2374156117439252 6.55106121301651 2.8407195508480072 4.5617826730012956 10.211018979549413 4.7545458227395994 5.746828019618988 2.8178472220897675 6.329908311367034
leaf_count=10 19 18 13 7 10 18 10 10 12 11
internal_value=0.0123268 0.0191585 0.00120006 -0.0193869 0.0246145 0.0270275 0.0288703 0.0257791 -0.0314381 0.0308328
internal_weight=56.2719 46.2983 10.7885 9.97352 35.5099 31.6041 27.0423 10.5014 7.1328 16.5409
internal_count=138 100 31 38 69 59 49 20 31 29
is_linear=0
shrinkage=0.02


Tree=21
num_leaves=10
num_cat=0
split_feature=2 1 0 1 4 1 2 0 0
split_gain=29.4772 10.9754 19.5788 8.8263 4.12754 0.919761 0.351238 0.0101105 0.00962102
threshold=0.15599211506534308 1.0000000180025095e-35 0.90845834212063592 0.87849099644485662 1.0000000180025095e-35 -0.47163125902618647 -0.72347363094311545 0.31481364647222476 0.31481364647222476
decision_type=2 2 2 2 2 2 2 2 2
left_child=1 4 -3 8 -1 6 -6 -8 -2
right_child=3 2 -4 -5 5 -7 7 -9 -10
leaf_value=0.0080187114747953085 -0.030489309172353915 -0.032456518824778284 0.022902345416691373 0.010660154893102076 0.024966884437686538 0.021281130369058553 0.030370987469390678 0.031409869115091069 -0.031998268024627997
leaf_weight=5.2969986349344245 4.274429574608801 4.2053535282611829 6.5136200785636902 2.8394777774810791 5.6794801354408255 7.8342895507812527 10.678963363170629 5.7727219462394705 2.7955388873815536
leaf_count=13 19 18 13 7 11 16 19 10 12
internal_value=0.0121635 0.0189062 0.00118351 -0.0191239 0.0242935 0.0271704 0.0292551 0.0307355 -0.031086
internal_weight=55.8909 45.9814 10.719 9.90945 35.2625 29.9655 22.1312 16.4517 7.06997
internal_count=138 100 31 38 69 56 40 29 31
is_linear=0
shrinkage=0.02


Tree=22
num_leaves=10
num_cat=0
split_feature=2 1 0 1 6 4 7 4 0
split_gain=28.511 10.6197 18.9397 8.57143 4.13524 1.52396 0.38159 0.149204 0.00877867
threshold=0.15599211506534308 1.0000000180025095e-35 0.90845834212063592 0.87849099644485662 -0.62495214112011366 1.0000000180025095e-35 -0.6340986929849185 0.50000900427870654 0.31481364647222476
decision_type=2 2 2 2 2 2 2 2 2
left_child=1 4 -3 8 -1 -6 -7 -8 -2
right_child=3 2 -4 -5 5 6 7 -9 -10
leaf_value=0.0045293861631437796 -0.030175416889254781 -0.032065093570196261 0.022578268798887278 0.01045205800919961 0.015696849450048324 0.023276788040352742 0.026467119117124155 0.030339035847469935 -0.031623229943626083
leaf_weight=3.8878975510597185 4.2329324483871442 4.1718911826610547 6.4753568917512894 2.8381038904190063 4.5400202423334184 5.034041807055476 5.2690017968416241 16.285171508789062 2.7723516672849655
leaf_count=10 19 18 13 7 10 10 10 29 12
internal_value=0.0120035 0.0186585 0.00116746 -0.0188692 0.023977 0.026406 0.0282346 0.0293925 -0.0307484
internal_weight=55.5068 45.6634 10.6472 9.84339 35.0161 31.1282 26.5882 21.5542 7.00528
internal_count=138 100 31 38 69 59 49 39 31
is_linear=0
shrinkage=0.02


Tree=23
num_leaves=11
num_cat=0
split_feature=2 1 0 1 6 4 5 6 0 2
split_gain=27.5852 10.2802 18.3268 8.3273 4.04472 1.5063 0.425847 0.941936 0.00801827 0.00266199
threshold=0.15599211506534308 1.0000000180025095e-35 0.90845834212063592 0.87849099644485662 -0.62495214112011366 1.0000000180025095e-35 0.41129137867082138 0.75723758682633158 0.31481364647222476 -0.76793494662038553
decision_type=2 2 2 2 2 2 2 2 2 2
left_child=1 4 -3 8 -1 -6 9 -8 -2 -7
right_child=3 2 -4 -5 5 6 7 -9 -10 -11
leaf_value=0.0044416350504051646 -0.02987399769568921 -0.031690438326759648 0.022262161181255156 0.01024847801657003 0.015433651286100846 0.030304135857704948 0.018090118783004334 0.030268454941862984 -0.031264090531649059 0.029764511504799269
leaf_weight=3.8854392021894411 4.1905544549226743 4.1371372640132886 6.4363501220941544 2.8366069197654724 4.5252441614866319 5.6144189238548305 4.6544164121150953 5.5932772755622864 2.7483554631471634 10.486419558525087
leaf_count=10 19 18 13 7 10 10 10 10 12 19
internal_value=0.0118494 0.0184203 0.00115188 -0.0186223 0.0236732 0.0260934 0.0279242 0.0247372 -0.0304246 0.0299527
internal_weight=55.1082 45.3327 10.5735 9.77552 34.7592 30.8738 26.3485 10.2477 6.93891 16.1008
internal_count=138 100 31 38 69 59 49 20 31 29
is_linear=0
shrinkage=0.02


Tree=24
num_leaves=11
num_cat=0
split_feature=6 8 1 3 1 9 8 0 3 5
split_gain=18.3619 12.6176 10.5344 4.59471 14.8215 3.91298 1.97796 3.54902 8.39405 0.00153572
threshold=-0.7506651905047198 -0.5527257751460336 -0.3079714151032979 -0.49961633386936638 -0.82765019261957107 0.41490841030573422 0.14684108861482212 0.45026542505592798 -0.11891483014109731 -0.13985748299698988
decision_type=2 2 2 2 2 2 2 2 2 2
left_child=5 2 -2 4 -3 -1 9 8 -8 -5
right_child=1 3 -4 6 -6 -7 7 -9 -10 -11
leaf_value=-0.033817033633436328 0.013281638013891322 0.024813112858838901 -0.032401015818412079 0.029930291043076256 -0.035501822346467551 -0.0017439698040174374 0.029310513201947313 0.029099711453502857 -0.0064271369352166732 0.029497405754482287
leaf_weight=3.667564019560813 4.6068454086780548 5.4049544632434845 3.5946734845638257 7.2091490030288696 2.3331624120473853 2.6003478914499283 5.3844119608402199 8.7507466524839383 5.1371291875839304 6.0117795467376691
leaf_count=16 11 11 16 13 10 8 10 16 16 11
internal_value=0.0116998 0.0158683 -0.00674078 0.0204774 0.00662722 -0.020511 0.0237758 0.0196887 0.0118617 0.0297335
internal_weight=54.7008 48.4329 8.20152 40.2313 7.73812 6.26791 32.4932 19.2723 10.5215 13.2209
internal_count=138 114 27 87 21 24 66 42 26 24
is_linear=0
shrinkage=0.02


Tree=25
num_leaves=11
num_cat=0
split_feature=2 6 8 8 1 0 7 3 8 8
split_gain=26.2106 13.3485 8.41095 8.24744 1.79554 3.99759 0.243354 0.392005 0.0162961 0.0145217
threshold=0.15599211506534308 -0.7506651905047198 1.510973928169679 -0.5527257751460336 -0.4441601708160508 1.0417107172686537 0.33010370133533001 -0.31987978689719815 0.20342974154293156 -0.38349706859913757
decision_type=2 2 2 2 2 2 2 2 2 2
left_child=1 -1 9 -3 6 -6 8 -8 -5 -2
right_child=2 3 -4 4 5 -7 7 -9 -10 -11
leaf_value=-0.015645107553264696 -0.029077034382280511 0.00037588109205084107 0.01085527166884941 0.029572708211756168 0.0042177019622967006 0.030218715321463023 0.029377553535356885 0.022200286587112001 0.031033627178654537 -0.030978168874007488
leaf_weight=4.2651065886020652 2.5725690126419067 6.220832183957099 2.803502693772316 6.5717552900314313 4.4549785554409045 5.0423523187637329 7.0532110333442635 5.3549153655767476 5.7059636116027832 4.2824772745370847
leaf_count=15 12 18 7 12 12 9 13 11 10 19
internal_value=0.0115457 0.0180053 -0.0183292 0.0215575 0.0254122 0.0180222 0.0282554 0.0262801 0.0302517 -0.0302647
internal_weight=54.3277 44.6691 9.65855 40.404 34.1832 9.49733 24.6858 12.4081 12.2777 6.85505
internal_count=138 100 38 85 67 21 46 24 22 31
is_linear=0
shrinkage=0.02


Tree=26
num_leaves=12
num_cat=0
split_feature=6 8 4 3 1 9 8 9 9 6 5
split_gain=17.1925 11.8628 11.4234 4.41356 14.1226 3.83019 1.95732 3.21712 8.29921 1.66936 0.00196063
threshold=-0.7506651905047198 -0.5527257751460336 1.3370336733352652 -0.49961633386936638 -0.82765019261957107 0.41490841030573422 0.14684108861482212 -0.39996981140850457 0.65475786625052523 0.41210575839095259 -0.13985748299698988
decision_type=2 2 2 2 2 2 2 2 2 2 2
left_child=5 2 9 4 -3 -1 10 -8 -9 -2 -5
right_child=1 3 -4 6 -6 -7 7 8 -10 -11 -12
leaf_value=-0.033176658985863257 -0.037122641859094703 0.024267350181152302 0.022382119226483251 0.029458446202786516 -0.034971775349017409 -0.0013467124775431662 0.030314283261723883 -0.0096805643992118381 0.02492892257062955 -0.013668911203586145 0.028964575469405954
leaf_weight=3.6221425235271445 2.5489225983619672 5.309529110789299 3.2699933648109436 7.0875803828239441 2.3101361840963319 2.5959943532943726 6.6972163319587716 4.2121998071670541 8.1026097089052183 2.3176960349082947 5.885261416435247
leaf_count=16 11 11 7 13 10 8 12 14 16 9 11
internal_value=0.0113931 0.0154674 -0.00652775 0.0199862 0.00630718 -0.0198881 0.023245 0.0191581 0.013091 -0.025953 0.0292344
internal_weight=53.9593 47.7411 8.13661 39.6045 7.61967 6.21814 31.9849 19.012 12.3148 4.86662 12.9728
internal_count=138 114 27 87 21 24 66 42 30 20 24
is_linear=0
shrinkage=0.02


Tree=27
num_leaves=12
num_cat=0
split_feature=6 8 4 3 1 9 8 9 9 6 5
split_gain=16.6264 11.5005 11.0193 4.27976 13.6631 3.72852 1.93892 3.15494 8.02926 1.61627 0.00179753
threshold=-0.7506651905047198 -0.5527257751460336 1.3370336733352652 -0.49961633386936638 -0.82765019261957107 0.41490841030573422 0.14684108861482212 -0.39996981140850457 0.65475786625052523 0.41210575839095259 -0.13985748299698988
decision_type=2 2 2 2 2 2 2 2 2 2 2
left_child=5 2 9 4 -3 -1 10 -8 -9 -2 -5
right_child=1 3 -4 6 -6 -7 7 8 -10 -11 -12
leaf_value=-0.032777922248124591 -0.036557148215687514 0.023965577643238874 0.022047249913781288 0.029184232533583203 -0.034505901611891265 -0.0013198674632733051 0.030008529432050852 -0.0094844292584383948 0.024592926111965441 -0.013435214661840555 0.028708740666913136
leaf_weight=3.5931718647480002 2.5367059558629972 5.2692647278308868 3.2534343302249908 7.0118528008460999 2.2946545183658555 2.5958207547664642 6.6308118700981149 4.2133089005947122 8.0495783835649473 2.3109194040298462 5.8196132779121452
leaf_count=16 11 11 7 13 10 8 12 14 16 9 11
internal_value=0.0112458 0.015272 -0.00642547 0.0197458 0.00622718 -0.0195836 0.0229689 0.0188943 0.0128846 -0.0255347 0.0289686
internal_weight=53.5791 47.3901 8.10106 39.2891 7.56392 6.18899 31.7252 18.8937 12.2629 4.84763 12.8315
internal_count=138 114 27 87 21 24 66 42 30 20 24
is_linear=0
shrinkage=0.02


Tree=28
num_leaves=10
num_cat=0
split_feature=2 6 1 1 0 2 2 0 0
split_gain=24.5212 12.1509 7.37533 6.12904 10.3433 0.926377 1.08622 0.187714 0.00960534
threshold=0.15599211506534308 -0.7506651905047198 0.87849099644485662 -1.0000000180025095e-35 1.0417107172686537 -0.15481168693072919 -0.85626826048423743 -0.13433727993583403 0.31481364647222476
decision_type=2 2 2 2 2 2 2 2 2
left_child=1 -1 8 5 -5 6 -3 -8 -2
right_child=2 3 -4 4 -6 -7 7 -9 -10
leaf_value=-0.014753431722835218 -0.028838789869250238 0.018143293767701352 0.0091980079407749504 -0.021972465274639003 0.023046756198970765 0.016674344994721303 0.025292408075108998 0.029588893716144357 -0.030386183790404423
leaf_weight=4.2376265674829474 4.0112675130367261 5.0256013870239249 2.8016102910041809 3.2797147035598773 5.4065629243850708 4.4882186055183402 5.4793142229318645 15.786581695079805 2.6744771301746368
leaf_count=15 19 11 7 13 11 10 11 29 12
internal_value=0.0111025 0.0174295 -0.0180428 0.0208851 0.00604866 0.0250721 0.0265057 0.0284819 -0.0294578
internal_weight=53.191 43.7036 9.48735 39.466 8.68628 30.7797 26.2915 21.2659 6.68574
internal_count=138 100 38 85 24 61 51 40 31
is_linear=0
shrinkage=0.02


Tree=29
num_leaves=10
num_cat=0
split_feature=2 1 0 8 4 1 0 7 4
split_gain=23.7389 9.08856 15.8583 7.7614 3.96904 0.928176 0.375006 0.0410802 0.0176919
threshold=0.15599211506534308 1.0000000180025095e-35 0.90845834212063592 1.510973928169679 1.0000000180025095e-35 -0.47163125902618647 0.35919564088793982 -0.025305979707589629 0.4289890393636242
decision_type=2 2 2 2 2 2 2 2 2
left_child=1 4 -3 8 -1 6 7 -6 -2
right_child=3 2 -4 -5 5 -7 -8 -9 -10
leaf_value=0.0060858939505300004 -0.028645696909032507 -0.030427852678510402 0.020759445106449958 0.01030181433977205 0.030384743094965177 0.019147434893083914 0.022864441355103921 0.028224412056805624 -0.03072811043026866
leaf_weight=5.1224487721920005 3.7601708769798261 3.98720535635948 6.1632219851016998 2.7699142694473267 5.488955855369567 7.3964218795299557 5.3891121298074713 9.8197647333145159 2.88327956199646
leaf_count=13 18 18 13 7 10 16 11 19 13
internal_value=0.0109662 0.0172153 0.000652482 -0.0178231 0.0222766 0.0252286 0.0274017 0.028999 -0.0295495
internal_weight=52.7805 43.3671 10.1504 9.41336 33.2167 28.0943 20.6978 15.3087 6.64345
internal_count=138 100 31 38 69 56 40 29 31
is_linear=0
shrinkage=0.02


Tree=30
num_leaves=10
num_cat=0
split_feature=2 6 8 8 1 3 4 4 6
split_gain=22.9881 11.6611 7.55086 7.49604 1.63354 3.07826 0.321005 0.0162993 0.00503903
threshold=0.15599211506534308 -0.7506651905047198 1.510973928169679 -0.5527257751460336 -0.4441601708160508 0.37258192227414549 0.086813819760537758 0.4289890393636242 0.14403228217981978
decision_type=2 2 2 2 2 2 2 2 2
left_child=1 -1 7 -3 6 -6 -5 -2 -8
right_child=2 3 -4 4 5 -7 8 -9 -10
leaf_value=-0.014606994664116532 -0.028403495242732488 8.2121938995667214e-05 0.010102385790561478 0.022508067023560296 0.0025346297691688658 0.026313092383251448 0.02875449026762017 -0.030412868299700288 0.02802394073503774
leaf_weight=4.2095498889684668 3.7168256491422635 6.0982124805450431 2.7681205570697784 4.968419983983039 3.5621618181467074 5.6031233072280884 5.2741988897323635 2.8551849722862244 13.301057755947111
leaf_count=15 18 18 7 10 10 11 10 13 26
internal_value=0.0108347 0.0170099 -0.0176058 0.0204395 0.0242349 0.0170714 0.0270236 -0.0292765 0.0282314
internal_weight=52.3569 43.0167 9.34013 38.8072 32.709 9.16529 23.5437 6.57201 18.5753
internal_count=138 100 38 85 67 21 46 31 36
is_linear=0
shrinkage=0.02


Tree=31
num_leaves=10
num_cat=0
split_feature=2 1 0 8 4 1 0 9 4
split_gain=22.2492 8.75159 15.1552 7.34844 3.90668 0.906014 0.370229 0.0407344 0.0150281
threshold=0.15599211506534308 1.0000000180025095e-35 0.90845834212063592 1.510973928169679 1.0000000180025095e-35 -0.47163125902618647 0.35919564088793982 0.38494397546406661 0.4289890393636242
decision_type=2 2 2 2 2 2 2 2 2
left_child=1 4 -3 8 -1 6 7 -6 -2
right_child=3 2 -4 -5 5 -7 -8 -9 -10
leaf_value=0.0057055606739457188 -0.028170024128846331 -0.030103802228322745 0.020250790277216185 0.0099071534601004006 0.027779713268597985 0.018737793211230071 0.022416320202828934 0.029953421574936617 -0.030109940790909402
leaf_weight=5.0884320735931388 3.6731173247098905 3.9412811398506147 6.0773997008800507 2.7662352472543716 9.5910229086875933 7.3050614893436459 5.3134133964776984 5.3843190073966971 2.8265201300382614
leaf_count=13 18 18 13 7 19 16 11 10 13
internal_value=0.0106989 0.0167949 0.000441635 -0.0173942 0.021808 0.0247774 0.026952 0.0285613 -0.0290136
internal_weight=51.9668 42.7009 10.0187 9.26587 32.6822 27.5938 20.2888 14.9753 6.49964
internal_count=138 100 31 38 69 56 40 29 31
is_linear=0
shrinkage=0.02


Tree=32
num_leaves=12
num_cat=0
split_feature=2 8 8 4 6 1 5 4 8 6 8
split_gain=21.5512 9.60705 8.58243 9.52762 8.8524 1.58902 3.43978 0.314868 0.0210992 0.00420449 0.00296065
threshold=0.15599211506534308 1.6507839936674678 -0.5527257751460336 1.278566570337005 -0.7506651905047198 -0.4441601708160508 -0.93329747163870425 0.086813819760537758 0.38353062843528613 0.14403228217981978 -0.44679879633326169
decision_type=2 2 2 2 2 2 2 2 2 2 2
left_child=2 8 3 -1 -4 7 -7 -6 10 -9 -2
right_child=1 -3 4 -5 5 6 -8 9 -10 -11 -12
leaf_value=-0.024227498915921127 -0.027605615793367316 0.018251066304833467 -0.010452262684309219 0.023210919456749135 0.022090151269112752 0.028502847025795572 0.0038109397969003029 0.028279491270791223 -0.03040000403290382 0.027604484805148086 -0.028658367852746267
leaf_weight=3.9321976751089087 2.1848230510950089 2.2955237478017807 3.3326552659273139 2.974559485912323 4.9160762727260581 4.7165647149085999 4.3271481692791003 5.156151324510577 2.618942454457283 12.990783393383024 2.0914177149534208
leaf_count=16 11 5 11 6 10 9 12 10 12 26 10
internal_value=0.0105732 -0.017188 0.0165985 -0.00379701 0.0205733 0.0237938 0.0166885 0.02658 -0.0289863 0.0277963 -0.0281205
internal_weight=51.5368 9.19071 42.3461 6.90676 35.4394 32.1067 9.04371 23.063 6.89518 18.1469 4.27624
internal_count=138 38 100 22 78 67 21 46 33 36 21
is_linear=0
shrinkage=0.02


Tree=33
num_leaves=12
num_cat=0
split_feature=2 1 8 5 6 1 5 8 8 8 7
split_gain=20.8817 10.021 8.3336 8.82269 8.61246 1.57473 3.37365 0.250957 0.049869 0.00481148 0.00414779
threshold=0.15599211506534308 0.96086038777615335 -0.5527257751460336 0.82102014695929593 -0.7506651905047198 -0.4441601708160508 -0.93329747163870425 0.42958311163102653 0.57799350402662653 -0.38349706859913757 0.081087795369074608
decision_type=2 2 2 2 2 2 2 2 2 2 2
left_child=2 8 3 -1 -4 7 -7 10 9 -2 -6
right_child=1 -3 4 -5 5 6 -8 -9 -10 -11 -12
leaf_value=-0.024883380831335719 -0.027371650552440424 0.019159275744532685 -0.010246326388390825 0.020561661323076953 0.027974809788451741 0.028263986907616639 0.0037374291471043626 0.022786644325739607 -0.031686055039430054 -0.02865775786360485 0.027332974161871894
leaf_weight=3.6730972528457633 2.3503768891096115 2.2934542000293732 3.3316540122032121 3.1952905505895615 6.6042527556419435 4.6618463397026062 4.3240440338850075 5.8777950406074515 2.1588053405284882 2.3042698949575406 10.322169691324232
leaf_count=15 12 5 11 7 13 9 12 12 10 11 21
internal_value=0.0104522 -0.0170016 0.0164065 -0.00374158 0.0203466 0.0235528 0.0164617 0.026347 -0.0291736 -0.0280083 0.0275834
internal_weight=51.0971 9.10691 41.9901 6.86839 35.1218 31.7901 8.98589 22.8042 6.81345 4.65465 16.9264
internal_count=138 38 100 22 78 67 21 46 33 23 34
is_linear=0
shrinkage=0.02


Tree=34
num_leaves=11
num_cat=0
split_feature=2 6 1 8 1 3 4 8 8 6
split_gain=20.2313 10.5887 9.73232 6.86835 1.56095 2.95457 0.327103 0.0465197 0.00442766 0.00368807
threshold=0.15599211506534308 -0.7506651905047198 0.96086038777615335 -0.5527257751460336 -0.4441601708160508 0.37258192227414549 0.086813819760537758 0.57799350402662653 -0.38349706859913757 0.14403228217981978
decision_type=2 2 2 2 2 2 2 2 2 2
left_child=1 -1 7 -3 6 -6 -5 8 -2 -8
right_child=2 3 -4 4 5 -7 9 -9 -10 -11
leaf_value=-0.014025016677776843 -0.027173335396802556 -3.0273517601632843e-05 0.018820412894620133 0.021513839936089667 0.0019457410537664192 0.02550072865333625 0.027838052308813446 -0.031358998167730176 -0.02841461468633415 0.027198217977934626
leaf_weight=4.1680342108011237 2.3204803466796875 6.0008622407913164 2.2881069034337997 4.8417084068059948 3.5101512074470573 5.4175130575895309 5.0362281501293209 2.137904167175293 2.2777742147445661 12.66677340865135
leaf_count=15 12 18 5 10 10 11 10 10 11 26
internal_value=0.0103317 0.0162151 -0.0168165 0.0195786 0.0233175 0.0162395 0.0261204 -0.0289215 -0.0277882 0.0273802
internal_weight=50.6655 41.6413 9.02427 37.4732 31.4724 8.92766 22.5447 6.73616 4.59825 17.703
internal_count=138 100 38 85 67 21 46 33 23 36
is_linear=0
shrinkage=0.02


Tree=35
num_leaves=11
num_cat=0
split_feature=2 6 1 8 1 0 4 8 8 6
split_gain=19.5929 10.2623 9.45441 6.72152 1.55023 3.58308 0.332145 0.0434243 0.00407713 0.00340677
threshold=0.15599211506534308 -0.7506651905047198 0.96086038777615335 -0.5527257751460336 -0.4441601708160508 1.0417107172686537 0.086813819760537758 0.57799350402662653 -0.38349706859913757 0.14403228217981978
decision_type=2 2 2 2 2 2 2 2 2 2
left_child=1 -1 7 -3 6 -6 -5 8 -2 -8
right_child=2 3 -4 4 5 -7 9 -9 -10 -11
leaf_value=-0.013764677713419635 -0.026981727721180331 -2.9668711424151904e-05 0.018489835707343156 0.021244204777879191 0.0027230038399538368 0.02816835665468791 0.027623956284185985 -0.031044368773683086 -0.028180262366367972 0.027005144325432204
leaf_weight=4.1619904041290274 2.290521115064621 6.0008834004402116 2.28249192237854 4.8054627925157574 4.2373707443475777 4.634852409362793 4.9743775427341488 2.1165943145751953 2.2510509938001615 12.503826588392256
leaf_count=15 12 18 5 10 12 9 10 10 11 26
internal_value=0.0102081 0.0160168 -0.0166367 0.0193527 0.0230859 0.0160157 0.0259009 -0.0286784 -0.0275758 0.0271813
internal_weight=50.2594 41.3188 8.94066 37.1568 31.1559 8.87222 22.2837 6.65817 4.54157 17.4782
internal_count=138 100 38 85 67 21 46 33 23 36
is_linear=0
shrinkage=0.02


Tree=36
num_leaves=12
num_cat=0
split_feature=6 8 4 3 1 7 6 8 0 3 5
split_gain=12.9333 9.19048 9.87096 3.73558 11.6294 3.48468 1.80023 1.7189 3.11098 7.54236 0.00252322
threshold=-0.7506651905047198 -0.5527257751460336 1.3370336733352652 -0.49961633386936638 -0.82765019261957107 -0.076137610184168522 0.6418480612123113 0.14684108861482212 0.45026542505592798 -0.11891483014109731 -0.13985748299698988
decision_type=2 2 2 2 2 2 2 2 2 2 2
left_child=5 2 6 4 -3 -1 -2 10 9 -9 -5
right_child=1 3 -4 7 -6 -7 -8 8 -10 -11 -12
leaf_value=-0.0017568868124898391 -0.035394269921604202 0.022316366056972479 0.021559094138388732 0.027413274665520477 -0.033496159843235819 -0.03248992577990107 -0.010127628221510754 0.027061171509564989 0.026555418591137307 -0.0081347742557718768 0.02682078158530771
leaf_weight=2.8470388054847717 2.634559988975524 4.7745817452669144 3.1053842306137085 6.3982710540294647 2.172948792576789 3.0639011263847342 1.9724366217851637 4.930468425154686 7.9156480431556693 4.8128136247396487 5.2212301492691058
leaf_count=10 12 11 7 13 10 14 8 10 16 16 11
internal_value=0.0100875 0.013824 -0.00600011 0.0180444 0.00486013 -0.0176872 -0.0245766 0.021173 0.0172421 0.0096757 0.027147
internal_weight=49.8493 43.9383 7.71238 36.226 6.94753 5.91094 4.607 29.2784 17.6589 9.74328 11.6195
internal_count=138 114 27 87 21 24 20 66 42 26 24
is_linear=0
shrinkage=0.02


Tree=37
num_leaves=11
num_cat=0
split_feature=2 6 1 8 1 0 4 8 6 8
split_gain=18.7334 11.2537 8.99155 6.26469 2.17951 4.26101 0.366082 0.0417059 0.017951 0.00352604
threshold=0.15599211506534308 -0.91420322424116252 0.96086038777615335 -0.5527257751460336 -0.4441601708160508 1.0417107172686537 0.086813819760537758 0.57799350402662653 1.0000000180025095e-35 -0.38349706859913757
decision_type=2 2 2 2 2 2 2 2 2 2
left_child=1 -1 7 -3 6 -6 -5 9 -8 -2
right_child=2 3 -4 4 5 -7 8 -9 -10 -11
leaf_value=-0.019764339836597405 -0.026711339153296196 4.953841850114115e-05 0.017868457713419574 0.020801121575925913 0.00017473009329311095 0.027733827057690667 0.028076489445187362 -0.030693798509344228 0.026660047160942946 -0.027837340698951371
leaf_weight=3.2893781512975684 2.241661012172699 5.9725544154643968 2.2651614248752594 4.7415832430124309 4.4503663331270271 4.5266872644424438 4.9884890913963345 2.0924342274665833 12.665822237730024 2.2082699686288816
leaf_count=13 12 18 5 10 13 9 10 10 27 11
internal_value=0.00996846 0.0156999 -0.0164745 0.0188236 0.0223977 0.0140714 0.0257351 -0.0283651 0.0270603 -0.0272701
internal_weight=49.4424 40.6349 8.80753 37.3455 31.3729 8.97705 22.3959 6.54237 17.6543 4.44993
internal_count=138 100 38 87 69 22 47 33 37 23
is_linear=0
shrinkage=0.02


Tree=38
num_leaves=12
num_cat=0
split_feature=2 1 1 7 8 0 1 8 8 7 8
split_gain=18.1518 8.74038 8.0162 13.289 1.39091 1.54515 0.511995 0.497494 0.038959 0.0258465 0.00325075
threshold=0.15599211506534308 0.96086038777615335 1.0000000180025095e-35 0.47665578114203039 -0.5527257751460336 0.40209491935728409 -0.76697054989298763 -0.060891994402056802 0.57799350402662653 0.65517171010659803 -0.38349706859913757
decision_type=2 2 2 2 2 2 2 2 2 2 2
left_child=2 8 4 -4 -1 6 9 -8 10 -6 -2
right_child=1 -3 3 -5 5 -7 7 -9 -10 -11 -12
leaf_value=0.010204066960325418 -0.026535338990955323 0.017560548374948432 -0.030750803733453482 0.017921309209592479 0.029091600784893968 0.013086099869303865 0.026653556822362798 0.017946304418214688 -0.030403453522376517 0.027042070871248325 -0.027623492551277544
leaf_weight=4.4959824979305258 2.211699903011322 2.258845329284668 3.6105538457632047 5.9276958554983139 5.0792902410030383 5.7560658007860175 4.6832863688468951 5.9713693857193029 2.0703897774219513 4.775030106306076 2.1811309605836851
leaf_count=11 12 5 17 14 10 14 10 14 10 10 11
internal_value=0.00985426 -0.0163057 0.0155161 -0.000502751 0.0204832 0.0222427 0.0248126 0.0217736 -0.0281416 0.0280985 -0.0270756
internal_weight=49.0213 8.72207 40.2993 9.53825 30.761 26.265 20.509 10.6547 6.46322 9.85432 4.39283
internal_count=138 38 100 31 69 58 44 24 33 20 23
is_linear=0
shrinkage=0.02


Tree=39
num_leaves=11
num_cat=0
split_feature=2 6 1 1 9 4 3 1 9 7
split_gain=17.5922 10.8013 8.49822 5.71375 8.75768 1.81767 0.493875 0.022117 0.0194008 0.00331423
threshold=0.15599211506534308 -0.91420322424116252 0.96086038777615335 -0.3079714151032979 0.65475786625052523 1.0000000180025095e-35 -0.34170320624312317 1.0000000180025095e-35 0.36941956936840464 -0.19284139129978406
decision_type=2 2 2 2 2 2 2 2 2 2
left_child=1 -1 7 5 -5 -3 -7 9 -8 -2
right_child=2 3 -4 4 -6 6 8 -9 -10 -11
leaf_value=-0.019542319427463307 -0.02663624931437341 0.011139060231918789 0.017259551234311062 -0.017442021479133121 0.020681947893175196 0.020415921750025778 0.026534733756063977 -0.029675829223809007 0.027895728542122324 -0.027740028866537782
leaf_weight=3.2613238096237174 2.4133033752441406 4.1515769213438025 2.2523392736911774 3.9846106022596377 6.0998604744672775 5.629093453288081 7.8684316575527218 1.9888040423393247 8.960625618696211 1.9815914183855037
leaf_count=13 13 10 5 15 14 13 17 10 18 10
internal_value=0.00974337 0.0153381 -0.0161412 0.0184382 0.00561828 0.0232967 0.0255441 -0.0279258 0.0272594 -0.0271339
internal_weight=48.5916 39.9555 8.63604 36.6942 10.0845 26.6097 22.4582 6.3837 16.8291 4.39489
internal_count=138 100 38 87 29 58 48 33 35 23
is_linear=0
shrinkage=0.02


Tree=40
num_leaves=12
num_cat=0
split_feature=2 8 8 4 3 9 3 3 8 9 8
split_gain=17.0545 8.23485 7.12517 8.43546 1.57629 0.999268 2.50195 0.958212 0.0290877 0.0225871 0.00281275
threshold=0.15599211506534308 1.6507839936674678 -0.5527257751460336 1.278566570337005 -0.49961633386936638 0.20787457520087388 -0.11891483014109731 0.90055800429535393 0.50047618207327893 0.40948061076567766 -0.38349706859913757
decision_type=2 2 2 2 2 2 2 2 2 2 2
left_child=2 8 3 -1 -4 6 -6 9 10 -7 -2
right_child=1 -3 4 -5 5 7 -8 -9 -10 -11 -12
leaf_value=-0.023078978838902163 -0.026190356136241183 0.017070397773387948 0.0094841269300386648 0.022239815899373582 0.026608952499471598 0.026180681401173651 0.0063855862849954157 0.017357991051441132 -0.029601124761322765 0.027999780820019523 -0.027216216059591587
leaf_weight=3.8269104808568946 2.1499990820884705 2.2290935069322586 5.7504494488239244 2.8787682801485062 4.6271662712097168 4.5139532685279864 5.1934346258640343 5.9045677185058585 2.0437126010656357 6.9095489978790283 2.1264922767877561
leaf_count=16 12 5 16 6 10 10 14 14 10 14 11
internal_value=0.00963644 -0.0159813 0.0151664 -0.00362348 0.0189963 0.0210111 0.0159142 0.0238997 -0.0276384 0.027281 -0.0267005
internal_weight=48.1541 8.5493 39.6048 6.70568 32.8991 27.1487 9.8206 17.3281 6.3202 11.4235 4.27649
internal_count=138 38 100 22 78 62 24 38 33 24 23
is_linear=0
shrinkage=0.02


Tree=41
num_leaves=11
num_cat=0
split_feature=2 6 1 8 1 0 8 8 6 8
split_gain=16.5221 10.4367 8.13718 5.83702 2.15587 4.13212 0.296873 0.0363181 0.0121195 0.00259749
threshold=0.15599211506534308 -0.91420322424116252 0.96086038777615335 -0.5527257751460336 -0.4441601708160508 1.0417107172686537 0.42958311163102653 0.57799350402662653 0.14403228217981978 -0.38349706859913757
decision_type=2 2 2 2 2 2 2 2 2 2
left_child=1 -1 7 -3 6 -6 8 9 -5 -2
right_child=2 3 -4 4 5 -7 -8 -9 -10 -11
leaf_value=-0.019380203131656532 -0.026031116784576758 -0.00016962354859839871 0.016900743290708852 0.027270288274879567 -0.00044544168913521719 0.027074191865324244 0.021044578559482271 -0.02979315319902414 0.026063756969458111 -0.027023599140617596
leaf_weight=3.2434192895889273 2.1201879233121872 5.8714196085929826 2.2360721826553345 4.7446929812431362 4.3864377588033729 4.3436321020126343 5.530709594488143 2.0069246143102646 11.170443236827849 2.0990918874740583
leaf_count=13 12 18 5 10 13 9 12 10 25 11
internal_value=0.00952399 0.0149836 -0.0158252 0.0180755 0.0216255 0.0132469 0.0250363 -0.0275784 0.0264235 -0.0265249
internal_weight=47.753 39.2908 8.46228 36.0473 30.1759 8.73007 21.4458 6.2262 15.9151 4.21928
internal_count=138 100 38 87 69 22 47 33 35 23
is_linear=0
shrinkage=0.02


Tree=42
num_leaves=11
num_cat=0
split_feature=2 6 1 8 1 0 8 8 6 8
split_gain=16.0148 10.1095 7.91639 5.71818 2.13481 4.04639 0.301501 0.0340138 0.0112901 0.00239995
threshold=0.15599211506534308 -0.91420322424116252 0.96086038777615335 -0.5527257751460336 -0.4441601708160508 1.0417107172686537 0.42958311163102653 0.57799350402662653 0.14403228217981978 -0.38349706859913757
decision_type=2 2 2 2 2 2 2 2 2 2
left_child=1 -1 7 -3 6 -6 8 9 -5 -2
right_child=2 3 -4 4 5 -7 -8 -9 -10 -11
leaf_value=-0.019066583815603243 -0.025876896751450041 -0.00016622780371872947 0.016614459714287044 0.027080143574734681 -0.00043649243853692267 0.026885453442297393 0.020809373092614165 -0.029537174679672786 0.025907817665412988 -0.026837420602472517
leaf_weight=3.2309595346450797 2.0904661417007446 5.8715384751558259 2.2291794419288635 4.6830676496028927 4.3868412971496635 4.287209689617157 5.4818510860204688 1.9840609133243559 11.014492571353911 2.0716566890478116
leaf_count=13 12 18 5 10 13 9 12 10 25 11
internal_value=0.00941793 0.0148122 -0.0156721 0.0178762 0.0214247 0.0130676 0.0248474 -0.0273822 0.0262576 -0.026355
internal_weight=47.3313 38.956 8.37536 35.725 29.8535 8.67405 21.1794 6.14618 15.6976 4.16212
internal_count=138 100 38 87 69 22 47 33 35 23
is_linear=0
shrinkage=0.02


Tree=43
num_leaves=11
num_cat=0
split_feature=2 8 1 0 4 1 0 7 8 8
split_gain=15.5244 7.76673 7.55555 12.0873 3.74205 0.828596 0.371202 0.0497473 0.0303705 0.00221856
threshold=0.15599211506534308 1.6507839936674678 1.0000000180025095e-35 0.90845834212063592 1.0000000180025095e-35 -0.47163125902618647 0.40209491935728409 -0.025305979707589629 0.50047618207327893 -0.38349706859913757
decision_type=2 2 2 2 2 2 2 2 2 2
left_child=2 8 4 -4 -1 6 7 -6 9 -2
right_child=1 -3 3 -5 5 -7 -8 -9 -10 -11
leaf_value=0.0034236606619910859 -0.025727489834757068 0.016653860876246294 -0.029016690873316216 0.017713437800091793 0.028274691083602095 0.016756786314785103 0.019969170939548978 0.025735158854980945 -0.029206267625222861 -0.026657396774399406
leaf_weight=4.7953667193651226 2.0608517080545425 2.2030830234289169 3.7173827141523343 5.4750136882066727 4.7914771735668209 6.7384795546531704 4.437829613685607 8.665841192007063 1.9800909310579298 2.0442101657390577
leaf_count=13 12 5 18 13 10 16 10 20 10 11
internal_value=0.00931381 -0.0155226 0.0146438 -0.00118411 0.0195877 0.0227343 0.0249852 0.0266394 -0.0271719 -0.0261906
internal_weight=46.9096 8.28824 38.6214 9.1924 29.429 24.6336 17.8951 13.4573 6.08515 4.10506
internal_count=138 38 100 31 69 56 40 30 33 23
is_linear=0
shrinkage=0.02


Tree=44
num_leaves=11
num_cat=0
split_feature=2 6 8 8 0 4 0 8 7 8
split_gain=15.056 9.67429 7.55813 5.56514 0.95642 0.671272 1.38219 0.0283415 0.0107935 0.00205189
threshold=0.15599211506534308 -0.91420322424116252 1.6507839936674678 -0.5527257751460336 -1.08113466237004 0.50000900427870654 0.27075478138280401 0.50047618207327893 -1.0000000180025095e-35 -0.38349706859913757
decision_type=2 2 2 2 2 2 2 2 2 2
left_child=1 -1 7 -3 -5 6 -6 9 -7 -2
right_child=2 3 -4 4 5 8 -8 -9 -10 -11
leaf_value=-0.018810741939010757 -0.025582701978124459 -0.00031461883813066997 0.016375176038857863 0.01254705909513457 0.0089899172792227266 0.026991971420049211 0.023445347560511233 -0.028962772145564714 0.025729764341481453 -0.026483260850566862
leaf_weight=3.1987489759922019 2.0313614904880524 5.8328301161527589 2.1958384066820145 4.4526426643133155 3.5911388993263342 4.6558273434638977 10.051562726497648 1.9570350944995878 6.4840047955512983 2.0167743563652021
leaf_count=13 12 18 5 12 10 10 22 10 15 11
internal_value=0.00921515 0.0144854 -0.0153764 0.0175225 0.0210813 0.0226146 0.0196403 -0.0269867 0.0262573 -0.0260314
internal_weight=46.4678 38.2668 8.20101 35.068 29.2352 24.7825 13.6427 6.00517 11.1398 4.04814
internal_count=138 100 38 87 69 57 32 33 25 23
is_linear=0
shrinkage=0.02


Tree=45
num_leaves=11
num_cat=0
split_feature=2 6 1 1 9 4 5 5 8 8
split_gain=14.5904 9.36743 7.47793 5.49617 7.98795 1.81768 0.166663 0.605016 0.0355052 0.00189864
threshold=0.15599211506534308 -0.91420322424116252 0.96086038777615335 -0.3079714151032979 0.65475786625052523 1.0000000180025095e-35 0.6480025129075333 0.2151240614106367 0.57799350402662653 -0.38349706859913757
decision_type=2 2 2 2 2 2 2 2 2 2
left_child=1 -1 8 5 -5 -3 7 -7 9 -2
right_child=2 3 -4 4 -6 6 -8 -9 -10 -11
leaf_value=-0.018509159463193408 -0.025442350266530557 0.0099583456873112864 0.016225362392818948 -0.017467209067476699 0.019515472869865817 0.025946702149073082 0.027249872107454744 0.016788416561853692 -0.029186901234907036 -0.026314761910176392
leaf_weight=3.1859801411628714 2.0020111501216888 4.0289033204317084 2.2021106332540512 3.9272156804800051 5.766236424446106 10.443476915359499 6.6165478229522696 3.9868467450141898 1.9202104210853574 1.9893700182437881
leaf_count=13 12 10 5 15 14 24 14 10 10 11
internal_value=0.00911007 0.014314 -0.0152336 0.0173217 0.00453227 0.0222656 0.0246216 0.0234164 -0.0269522 -0.0258772
internal_weight=46.0689 37.9552 8.1137 34.7692 9.69345 25.0758 21.0469 14.4303 5.91159 3.99138
internal_count=138 100 38 87 29 58 48 34 33 23
is_linear=0
shrinkage=0.02


Tree=46
num_leaves=10
num_cat=0
split_feature=2 6 8 8 3 0 9 8 8
split_gain=14.1508 9.07936 7.24927 5.46764 1.37237 0.789112 0.460939 0.0280578 0.00175763
threshold=0.15599211506534308 -0.91420322424116252 1.6507839936674678 -0.5527257751460336 -0.49961633386936638 -1.08113466237004 0.20787457520087388 0.50047618207327893 -0.38349706859913757
decision_type=2 2 2 2 2 2 2 2 2
left_child=1 -1 7 -3 -5 -6 -7 8 -2
right_child=2 3 -4 4 5 6 -8 -9 -10
leaf_value=-0.018213708027128704 -0.025306260392842374 -0.00058064033928994911 0.016047753642663656 0.011271562093130945 0.014839800027751487 0.019025766099804019 0.026195108743394268 -0.028680420377700428 -0.026151660189767337
leaf_weight=3.173038810491561 1.9728154093027115 5.7919160872697786 2.1785776764154434 5.057312846183776 4.1533064097166088 4.7463964521885016 14.686503708362578 1.9133439511060713 1.9620167165994626
leaf_count=13 12 18 5 14 11 11 33 10 11
internal_value=0.00901391 0.0141591 -0.0150931 0.017142 0.0207257 0.0227528 0.024444 -0.0266938 -0.0257278
internal_weight=45.6352 37.6085 8.02675 34.4354 28.6435 23.5862 19.4329 5.84818 3.93483
internal_count=138 100 38 87 69 55 44 33 23
is_linear=0
shrinkage=0.02


Tree=47
num_leaves=11
num_cat=0
split_feature=2 6 1 1 9 2 2 8 7 8
split_gain=13.7145 8.79213 7.17696 5.44951 7.6661 1.28481 0.839169 0.0352095 0.0293271 0.00162782
threshold=0.15599211506534308 -0.91420322424116252 0.96086038777615335 -0.3079714151032979 0.65475786625052523 -0.85626826048423743 -0.20014595201806668 0.57799350402662653 0.039179551152079009 -0.38349706859913757
decision_type=2 2 2 2 2 2 2 2 2 2
left_child=1 -1 7 5 -5 -3 8 9 -7 -2
right_child=2 3 -4 4 -6 6 -8 -9 -10 -11
leaf_value=-0.017924150012342009 -0.0251742662420558 0.011030488834798329 0.015907701201088541 -0.017364198668470329 0.019044789397674219 0.027442826033893811 0.01735403971256088 -0.028920120435771048 0.025631013697570537 -0.025993733438749028
leaf_weight=3.1599444895982733 1.9437879621982574 3.6770570278167716 2.1845315545797348 3.9164303392171878 5.6509043872356415 5.7837072014808664 5.7604466974735269 1.8766273707151411 9.3516736626625043 1.9347327351570121
leaf_count=13 12 10 5 15 14 12 14 10 22 11
internal_value=0.00891184 0.0139923 -0.014956 0.0169464 0.00414061 0.0219323 0.0238508 -0.0266712 0.0263234 -0.025583
internal_weight=45.2398 37.3002 7.93968 34.1402 9.56733 24.5729 20.8958 5.75515 15.1354 3.87852
internal_count=138 100 38 87 29 58 48 33 34 23
is_linear=0
shrinkage=0.02


Tree=48
num_leaves=11
num_cat=0
split_feature=2 6 1 1 9 4 3 1 9 0
split_gain=13.3014 8.52159 6.98888 5.33055 7.4056 1.86622 0.497446 0.0299395 0.0163147 0.00255842
threshold=0.15599211506534308 -0.91420322424116252 0.96086038777615335 -0.3079714151032979 0.65475786625052523 1.0000000180025095e-35 -0.34170320624312317 0.063592119032144165 0.36941956936840464 0.31481364647222476
decision_type=2 2 2 2 2 2 2 2 2 2
left_child=1 -1 7 5 -5 -3 -7 9 -8 -2
right_child=2 3 -4 4 -6 6 8 -9 -10 -11
leaf_value=-0.017640263648893893 -0.02513264698736814 0.0091591853515319861 0.015642710656975457 -0.017035938540551254 0.018822212109096723 0.018819032500800182 0.025296559699863292 -0.028782446740682529 0.026611624174256738 -0.026147360981117269
leaf_weight=3.1467156857252112 2.2573620676994315 3.9502497464418402 2.1771815568208694 3.9121005088090914 5.6038489192724228 5.1642320156097439 7.0072349309921256 1.6427677571773527 8.1769198775291425 1.7757582217454908
leaf_count=13 14 10 5 15 14 13 17 9 18 10
internal_value=0.00881766 0.0138401 -0.014821 0.0167696 0.00408057 0.021739 0.0241811 -0.0265065 0.0260047 -0.0255794
internal_weight=44.8144 36.9613 7.85307 33.8146 9.51595 24.2986 20.3484 5.67589 15.1842 4.03312
internal_count=138 100 38 87 29 58 48 33 35 24
is_linear=0
shrinkage=0.02


Tree=49
num_leaves=12
num_cat=0
split_feature=6 8 4 9 3 7 6 8 0 6 0
split_gain=9.20094 7.05268 8.59667 3.30182 3.01589 4.64538 1.84289 1.56902 2.78484 0.261207 0.00262431
threshold=-0.7506651905047198 -0.5527257751460336 1.3370336733352652 0.41490841030573422 -0.49961633386936638 1.5606329772903533 0.6418480612123113 0.38353062843528613 0.45026542505592798 0.9747734885616226 -0.23382278944875842
decision_type=2 2 2 2 2 2 2 2 2 2 2
left_child=3 2 6 -1 5 -3 -2 9 -9 10 -6
right_child=1 4 -4 -5 7 -7 -8 8 -10 -11 -12
leaf_value=-0.029537368785939419 -0.035055760751227377 -0.01403270767066581 0.0209743045935653 0.0019696375454994275 0.025104456409660251 0.02077691832203515 -0.0085201404860788185 0.0047101102225047585 0.024472402554402747 0.019466080903421692 0.025761620470003473
leaf_weight=3.0359225273132315 2.4621565639972678 3.0361171066761043 2.8666481077671051 2.36834417283535 5.6725318133831024 3.098497286438942 1.8212826550006864 6.2913011461496335 5.2177878767251968 4.2611956447362891 4.2531630992889422
leaf_count=16 12 13 7 8 14 8 8 18 12 12 10
internal_value=0.00872609 0.0121167 -0.00583271 -0.0157299 0.0161486 0.00354909 -0.023773 0.0191566 0.0136696 0.0236079 0.0253861
internal_weight=44.3849 38.9807 7.15009 5.40427 31.8306 6.13461 4.28344 25.696 11.5091 14.1869 9.92569
internal_count=138 114 27 24 87 21 20 66 30 36 24
is_linear=0
shrinkage=0.02


Tree=50
num_leaves=12
num_cat=0
split_feature=2 1 7 8 4 5 8 4 0 8 8
split_gain=12.7079 7.00241 10.6921 6.81237 3.59733 0.838461 1.63261 0.177411 0.0439393 0.0304439 0.00150622
threshold=0.15599211506534308 1.0000000180025095e-35 0.47665578114203039 1.6507839936674678 1.0000000180025095e-35 0.41129137867082138 0.024839668457751932 1.0273649754552843 0.1415165515385324 0.50047618207327893 -0.38349706859913757
decision_type=2 2 2 2 2 2 2 2 2 2 2
left_child=1 4 -3 9 -1 7 -7 8 -6 10 -2
right_child=3 2 -4 -5 5 6 -8 -9 -10 -11 -12
leaf_value=0.0024496866063818358 -0.024856939042659613 -0.029796687719349305 0.015668881167100107 0.015611715327572573 0.027798597888883645 0.0087814616743314197 0.025575028007183365 0.021314272929209201 0.025107934860411074 -0.02839957549314303 -0.025659527132836632
leaf_weight=4.6369302123785046 1.8648419082164764 3.3919781148433668 5.304635152220726 2.1484210193157196 4.509524732828142 4.6656955480575544 4.5970794856548309 3.9218482673168173 5.2587147355079651 1.8436001539230344 1.8764924556016913
leaf_count=13 12 17 14 5 10 12 11 10 13 10 11
internal_value=0.0086237 0.0135845 -0.00206425 -0.0146535 0.0185172 0.0217632 0.017116 0.0249075 0.0263501 -0.026296 -0.0252595
internal_weight=44.0198 36.2864 8.69661 7.73336 27.5898 22.9529 9.26278 13.6901 9.76824 5.58493 3.74133
internal_count=138 100 31 38 69 56 23 33 23 33 23
is_linear=0
shrinkage=0.02


Tree=51
num_leaves=13
num_cat=0
split_feature=6 8 4 9 3 7 6 8 9 9 6 9
split_gain=8.80704 6.65127 8.21915 3.1743 2.88793 4.36004 1.80446 1.55169 2.78299 4.6773 0.259281 0.00227156
threshold=-0.7506651905047198 -0.5527257751460336 1.3370336733352652 0.41490841030573422 -0.49961633386936638 1.5606329772903533 0.6418480612123113 0.38353062843528613 -0.39996981140850457 0.78977642988516339 0.9747734885616226 0.38494397546406661
decision_type=2 2 2 2 2 2 2 2 2 2 2 2
left_child=3 2 6 -1 5 -3 -2 10 -9 -10 11 -6
right_child=1 4 -4 -5 7 -7 -8 8 9 -11 -12 -13
leaf_value=-0.029302185355184165 -0.03456758378634088 -0.013653102653078794 0.020713680187228328 0.0017898672658231555 0.024817697834376123 0.020374805486199569 -0.0081309476962164416 0.027175056997395659 -0.011321698425865246 0.020420377886771385 0.019163748575276942 0.025431682297826722
leaf_weight=2.9722118973731986 2.4272150993347159 3.0029497295618084 2.8324475884437561 2.353426992893219 4.6967714130878466 3.0218770653009415 1.7976007461547849 3.8536163568496704 3.3503396064043027 4.1656366884708405 4.1685603559017173 4.9511050283908844
leaf_count=16 12 13 7 8 12 8 8 8 12 10 12 12
internal_value=0.0085347 0.0118882 -0.00564649 -0.0155624 0.0158531 0.0034143 -0.0233192 0.0188286 0.0133562 0.00627095 0.0233319 0.0251328
internal_weight=43.5938 38.2681 7.05726 5.32564 31.2109 6.02483 4.22482 25.186 11.3696 7.51598 13.8164 9.64788
internal_count=138 114 27 24 87 21 20 66 30 22 36 24
is_linear=0
shrinkage=0.02


Tree=52
num_leaves=11
num_cat=0
split_feature=2 6 1 1 9 2 2 8 5 8
split_gain=12.1393 7.79011 6.61614 5.04112 6.86863 1.12959 0.86029 0.0420582 0.0244082 0.00115231
threshold=0.15599211506534308 -0.91420322424116252 0.96086038777615335 -0.3079714151032979 0.65475786625052523 -0.82104660383922112 -0.20014595201806668 0.62192628109108583 0.14667229810078616 -0.38349706859913757
decision_type=2 2 2 2 2 2 2 2 2 2
left_child=1 -1 7 5 -5 -3 8 9 -7 -2
right_child=2 3 -4 4 -6 6 -8 -9 -10 -11
leaf_value=-0.017032585505502542 -0.024687276462129405 0.011297037541599313 0.015211474536988866 -0.01672411627821992 0.018275868049128702 0.024798651474016779 0.016445681194995298 -0.028871338407426554 0.026495526738600322 -0.025384431021961886
leaf_weight=3.0858310163021079 1.8170212358236313 3.8633778393268576 2.1505278199911118 3.8416196852922457 5.3890861868858337 5.8390829265117654 5.5063994824886331 1.6545995473861692 8.0866571068763715 1.9837008118629447
leaf_count=13 12 11 5 15 14 15 14 9 18 12
internal_value=0.00843806 0.0133367 -0.0144981 0.0162178 0.00370963 0.0211742 0.0231379 -0.0262098 0.025784 -0.0250511
internal_weight=43.2179 35.6121 7.60585 32.5262 9.23071 23.2955 19.4321 5.45532 13.9257 3.80072
internal_count=138 100 38 87 29 58 47 33 33 24
is_linear=0
shrinkage=0.02


Tree=53
num_leaves=13
num_cat=0
split_feature=6 8 4 9 3 7 6 8 9 0 6 0
split_gain=8.27917 6.3979 7.8584 3.08671 2.80351 4.15824 1.76211 1.54821 2.70804 4.7638 0.261331 0.00223465
threshold=-0.7506651905047198 -0.5527257751460336 1.3370336733352652 0.41490841030573422 -0.49961633386936638 1.5606329772903533 0.6418480612123113 0.38353062843528613 -0.39996981140850457 0.86478922667810709 0.9747734885616226 -0.23382278944875842
decision_type=2 2 2 2 2 2 2 2 2 2 2 2
left_child=3 2 6 -1 5 -3 -2 10 -9 -10 11 -6
right_child=1 4 -4 -5 7 -7 -8 8 9 -11 -12 -13
leaf_value=-0.028928053777554995 -0.0342310424380175 -0.013498922664970972 0.02035301616601284 0.0019258983949488218 0.024668759042773127 0.020044767918405024 -0.0079590194262286161 0.026853553571307913 -0.0093762233487432473 0.022686772511842281 0.018874650170467997 0.025291477489617537
leaf_weight=2.9096901267766944 2.3942295163869849 2.9680466055870083 2.7847433090209961 2.3400473743677139 5.3723510801792145 2.9450483918190002 1.7806892842054365 3.7668331265449524 3.8565252125263196 3.5688375532627106 4.0784704834222785 4.0373563468456286
leaf_count=16 12 13 7 8 14 8 8 8 13 9 12 10
internal_value=0.00835059 0.0116394 -0.00566861 -0.015175 0.0155767 0.00320769 -0.0230255 0.0185402 0.0130411 0.00603415 0.0231032 0.0249359
internal_weight=42.8029 37.5531 6.95966 5.24974 30.5935 5.91309 4.17492 24.6804 11.1922 7.42536 13.4882 9.40971
internal_count=138 114 27 24 87 21 20 66 30 22 36 24
is_linear=0
shrinkage=0.02


Tree=54
num_leaves=11
num_cat=0
split_feature=2 6 8 1 7 4 3 8 0 4
split_gain=11.5027 7.36273 6.50007 4.88329 6.25344 1.82686 0.482771 0.0284965 0.0130396 0.00193313
threshold=0.15599211506534308 -0.91420322424116252 1.6507839936674678 -0.3079714151032979 0.47665578114203039 1.0000000180025095e-35 -0.34170320624312317 0.50047618207327893 -0.13433727993583403 1.0000000180025095e-35
decision_type=2 2 2 2 2 2 2 2 2 2
left_child=1 -1 7 5 -5 -3 -7 9 -8 -2
right_child=2 3 -4 4 -6 6 8 -9 -10 -11
leaf_value=-0.016571821653166032 -0.024423172068906877 0.0082637177129599292 0.015344872773930783 -0.016172640719550661 0.017488910718326891 0.01798889746546211 0.024552137208082084 -0.028034009394936606 0.025793224388236245 -0.025356651559550296
leaf_weight=3.0562094748020163 1.6118885129690164 3.8248052746057537 2.1283247172832489 3.7701379209756869 5.3262840360403061 4.8704104274511399 5.6660921275615719 1.7775627076625822 8.4159217774867923 1.9742694646120069
leaf_count=13 11 10 5 15 14 13 15 10 20 12
internal_value=0.00825842 0.0130816 -0.0142286 0.015925 0.00353742 0.0208721 0.0234166 -0.0259634 0.0252939 -0.0249371
internal_weight=42.4219 34.9299 7.49205 31.8737 9.09642 22.7772 18.9524 5.36372 14.082 3.58616
internal_count=138 100 38 87 29 58 48 33 35 23
is_linear=0
shrinkage=0.02


Tree=55
num_leaves=12
num_cat=0
split_feature=1 9 4 9 7 3 9 0 8 9 8
split_gain=6.82699 11.6343 6.37881 9.16229 4.21517 1.44 0.870305 0.707266 0.424139 0.0515045 0.050089
threshold=-0.3079714151032979 0.5340644724137088 1.0000000180025095e-35 -0.6875708483175984 0.47665578114203039 -1.1375393438559704 -0.6875708483175984 0.47779757518331512 0.12429523781123605 0.36941956936840464 -0.38349706859913757
decision_type=2 2 2 2 2 2 2 2 2 2 2
left_child=2 6 3 -1 -3 -4 -2 8 9 -7 -8
right_child=1 4 5 -5 -6 7 10 -9 -10 -11 -12
leaf_value=0.015416464793943331 -0.013316704563087126 -0.0020797251624724632 0.0059163385856054488 -0.036017920194180646 0.025318343024240918 0.024394928670219987 -0.026987795001699316 0.01380310184813411 0.018599024603132324 0.027331659145673246 -0.031454824169781695
leaf_weight=3.6233450919389725 2.0212116688489905 4.4257736057043058 2.7797462791204479 2.2428798526525524 4.5607839226722717 4.8044683933258074 1.8657623827457417 3.8949276506900778 4.8618303388357154 4.7509735524654388 2.1740498542785653
leaf_count=10 10 15 10 12 11 13 11 10 15 11 10
internal_value=0.00817458 -0.00261743 0.0141985 -0.00424885 0.0118251 0.0193292 -0.0240311 0.0213652 0.0234082 0.0258551 -0.0293918
internal_weight=42.0058 15.0476 26.9582 5.86622 8.98656 21.0919 6.06102 18.3122 14.4173 9.55544 4.03981
internal_count=138 57 81 22 26 59 31 49 39 24 21
is_linear=0
shrinkage=0.02


Tree=56
num_leaves=11
num_cat=0
split_feature=2 6 1 1 9 4 3 1 9 0
split_gain=10.8866 7.09692 6.39693 4.69924 6.14714 1.77951 0.482672 0.0297425 0.0119292 0.00273807
threshold=0.15599211506534308 -0.91420322424116252 0.96086038777615335 -0.3079714151032979 0.65475786625052523 1.0000000180025095e-35 -0.34170320624312317 0.063592119032144165 0.36941956936840464 0.28793797524175485
decision_type=2 2 2 2 2 2 2 2 2 2
left_child=1 -1 7 5 -5 -3 -7 9 -8 -2
right_child=2 3 -4 4 -6 6 8 -9 -10 -11
leaf_value=-0.016393788777756477 -0.024378690044014828 0.0081070522041345565 0.015192253602255297 -0.01588784013373391 0.017629282144236015 0.017676876423927793 0.024410791614869389 -0.02823563007558318 0.025595808538669561 -0.02546495692911695
leaf_weight=3.0311212092638007 1.8848456889390939 3.7955723553895977 2.1363036036491394 3.7972210943698901 5.1672172695398331 4.7888561934232774 6.2628656327724403 1.5190024971961973 7.428244948387146 1.8287176340818403
leaf_count=13 13 10 5 15 14 13 17 9 18 11
internal_value=0.00808253 0.0128245 -0.0139713 0.0156595 0.00343186 0.0205803 0.0231421 -0.025878 0.0250537 -0.0249136
internal_weight=41.64 34.2711 7.36887 31.24 8.96444 22.2755 18.48 5.23257 13.6911 3.71356
internal_count=138 100 38 87 29 58 48 33 35 24
is_linear=0
shrinkage=0.02


Tree=57
num_leaves=11
num_cat=0
split_feature=2 6 8 8 1 0 8 8 1 8
split_gain=10.5643 6.88209 6.24863 4.7251 1.97181 3.65275 0.341393 0.0275656 0.00506963 0.00146465
threshold=0.15599211506534308 -0.91420322424116252 1.6507839936674678 -0.5527257751460336 -0.4441601708160508 0.45026542505592798 0.42958311163102653 0.50047618207327893 -1.006574414262724 -0.38349706859913757
decision_type=2 2 2 2 2 2 2 2 2 2
left_child=1 -1 7 -3 6 -6 8 9 -5 -2
right_child=2 3 -4 4 5 -7 -8 -9 -10 -11
leaf_value=-0.016137844073934936 -0.02422188942698807 -0.0014174669288047512 0.015168993270311104 0.025092998613341841 -0.0064260007642795479 0.021732208064904578 0.018272327952305698 -0.027737759205566755 0.024229107548578481 -0.025046244182705492
leaf_weight=3.0177462100982657 1.6910761669278145 5.4395225346088436 2.1086472123861313 3.8925153315067336 3.0326419472694388 4.6966613829135895 4.865567371249198 1.7264621481299398 8.9988330602645874 1.7587193250656119
leaf_count=13 12 18 5 10 10 12 12 10 25 11
internal_value=0.00800109 0.0126912 -0.0138523 0.0155044 0.019116 0.0106842 0.0227863 -0.0256746 0.02449 -0.0246421
internal_weight=41.2284 33.9435 7.2849 30.9257 25.4862 7.7293 17.7569 5.17626 12.8913 3.4498
internal_count=138 100 38 87 69 22 47 33 35 23
is_linear=0
shrinkage=0.02


Tree=58
num_leaves=11
num_cat=0
split_feature=2 6 1 8 1 0 4 8 6 4
split_gain=10.249 6.67165 6.15463 4.63149 1.9534 3.55908 0.437599 0.0398582 0.00460085 0.0020055
threshold=0.15599211506534308 -0.91420322424116252 0.96086038777615335 -0.5527257751460336 -0.4441601708160508 0.45026542505592798 0.086813819760537758 0.62192628109108583 1.0000000180025095e-35 1.0000000180025095e-35
decision_type=2 2 2 2 2 2 2 2 2 2
left_child=1 -1 7 -3 6 -6 -5 9 -8 -2
right_child=2 3 -4 4 5 -7 8 -9 -10 -11
leaf_value=-0.015886332628977932 -0.023976471644188493 -0.0013888443393056009 0.014912173895806624 0.016904370250376048 -0.0062919496960726455 0.021562670465695714 0.024974155433204605 -0.028324742037304788 0.024154295432779232 -0.024933642321732275
leaf_weight=3.0043480843305579 1.6384366825222962 5.4405820965766933 2.1176358014345169 4.0728098154068055 3.0352806299924842 4.6394934207201004 3.8288006484508506 1.5645882487297056 9.6094532310962659 1.8806132227182386
leaf_count=13 12 18 5 10 10 12 10 9 27 12
internal_value=0.0079184 0.0125551 -0.0137354 0.0153451 0.0189599 0.0105465 0.0226473 -0.0256688 0.0243879 -0.024488
internal_weight=40.832 33.6308 7.20127 30.6264 25.1858 7.67477 17.5111 5.08364 13.4383 3.51905
internal_count=138 100 38 87 69 22 47 33 37 24
is_linear=0
shrinkage=0.02


Tree=59
num_leaves=11
num_cat=0
split_feature=6 8 5 7 3 7 8 0 3 5
split_gain=7.08177 5.6933 8.26736 2.98062 2.57531 3.73778 1.47697 2.55015 6.89099 0.00462815
threshold=-0.7506651905047198 -0.5527257751460336 0.6480025129075333 -0.076137610184168522 -0.49961633386936638 1.5606329772903533 0.14684108861482212 0.45026542505592798 -0.11891483014109731 -0.36375117997091228
decision_type=2 2 2 2 2 2 2 2 2 2
left_child=3 2 -2 -1 5 -3 9 8 -8 -6
right_child=1 4 -4 -5 6 -7 7 -9 -10 -11
leaf_value=0.0015855234991163784 -0.03134405598724764 -0.01338982284792159 0.013587769444979119 -0.029236659848218462 0.024881291364415994 0.019301007086290109 0.024991066304307245 0.02362804379161515 -0.011441015932841508 0.023948396129727656
leaf_weight=2.4230631962418556 2.8613339364528647 2.8444149270653751 3.8313174769282341 2.6033649295568457 3.8087522089481354 2.7531302124261856 4.1291750222444534 6.1880310624837866 4.1779070496559125 4.8179833889007586
leaf_count=10 15 13 12 14 10 8 10 16 16 14
internal_value=0.00783677 0.01099 -0.0056221 -0.0143784 0.0148612 0.00268903 0.017808 0.0139084 0.00666816 0.0243603
internal_weight=40.4385 35.412 6.69265 5.02643 28.7194 5.59755 23.1218 14.4951 8.30708 8.62674
internal_count=138 114 27 24 87 21 66 42 26 24
is_linear=0
shrinkage=0.02


Tree=60
num_leaves=12
num_cat=0
split_feature=2 6 8 1 9 4 8 2 4 8 4
split_gain=9.85734 6.27861 5.89092 4.54243 5.60662 1.3026 1.27283 0.171804 0.0315266 0.0277596 0.00148446
threshold=0.15599211506534308 -0.91420322424116252 1.6507839936674678 -0.3079714151032979 0.65475786625052523 0.50000900427870654 0.50047618207327893 -0.52748916613383812 1.0055864473690754 0.50047618207327893 -1.0000000180025095e-35
decision_type=2 2 2 2 2 2 2 2 2 2 2
left_child=1 -1 9 5 -5 6 -3 -7 -9 10 -2
right_child=2 3 -4 4 -6 7 -8 8 -10 -11 -12
leaf_value=-0.015375456580883027 -0.023890211260960258 0.0043637481901513389 0.014667747434656622 -0.015478230191009031 0.016922864397147162 0.020225979064826909 0.021146798003504112 0.023973884240026992 0.026237748974397533 -0.027513795915888043 -0.024741378371522224
leaf_weight=2.9737481474876395 1.4812079071998596 3.4433411657810238 2.0740729123353958 3.7628448754549044 4.9415660351514816 4.2065114229917535 3.804841160774231 5.159934520721432 4.7034800946712494 1.6848332956433294 1.8348787277936927
leaf_count=13 11 11 5 15 14 12 9 15 11 10 12
internal_value=0.00775174 0.012345 -0.0136704 0.0150908 0.00291614 0.0200618 0.0131738 0.0236102 0.0250534 -0.0254233 -0.0243612
internal_weight=40.0713 32.9963 7.07499 30.0225 8.70441 21.3181 7.24818 14.0699 9.86341 5.00092 3.31609
internal_count=138 100 38 87 29 58 20 38 26 33 23
is_linear=0
shrinkage=0.02


Tree=61
num_leaves=12
num_cat=0
split_feature=2 1 5 1 4 6 1 4 1 0 0
split_gain=9.56523 6.13225 8.84401 5.8065 3.35594 0.906107 1.3858 0.238381 0.0305972 0.0218945 0.00198628
threshold=0.15599211506534308 1.0000000180025095e-35 -0.78432741059449584 0.96086038777615335 1.0000000180025095e-35 0.17135604752657965 -0.85215895934932495 0.60587243336968033 0.063592119032144165 -0.23382278944875842 0.28793797524175485
decision_type=2 2 2 2 2 2 2 2 2 2 2
left_child=1 4 -3 8 -1 6 -6 -7 10 -9 -2
right_child=3 2 -4 -5 5 7 -8 9 -10 -11 -12
leaf_value=0.0011937881471820021 -0.023935674448621852 0.0138639326262112 -0.02944647569129585 0.014425292183653163 0.022654700767693686 0.019311819762524808 0.0047341861287034286 0.024296504233728488 -0.027873695229556652 0.026204762071892988 -0.024893259932015525
leaf_weight=4.3646391332149532 1.7556204199790948 4.811424732208252 3.1016878783702841 2.0827246308326721 3.876705676317215 3.7949523180723181 3.1114007830619839 4.9125141203403482 1.4435284435749052 4.7118162214755985 1.7107768803834913
leaf_count=13 13 15 16 5 10 11 10 14 9 11 11
internal_value=0.00767312 0.0122151 -0.00311237 -0.0135573 0.0171113 0.0205157 0.0146757 0.0235569 -0.0254271 0.0252307 -0.0244083
internal_weight=39.6778 32.6851 7.91311 6.99265 24.772 20.4074 6.98811 13.4193 4.90993 9.62433 3.4664
internal_count=138 100 31 38 69 56 20 36 33 25 24
is_linear=0
shrinkage=0.02


Tree=62
num_leaves=9
num_cat=0
split_feature=2 6 0 8 3 0 3 8
split_gain=9.28076 6.0056 5.70394 4.4341 1.25013 0.695591 0.303648 0.0772849
threshold=0.15599211506534308 -0.91420322424116252 -0.91437540203719225 -0.5527257751460336 -0.49961633386936638 -1.08113466237004 0.58409296674374656 0.50047618207327893
decision_type=2 2 2 2 2 2 2 2
left_child=1 -1 -2 -3 -5 -6 -7 -4
right_child=2 3 7 4 5 6 -8 -9
leaf_value=-0.01514579920751272 0.012110211132960336 -0.0017317891161807352 -0.024137311508861038 0.0088690666701908213 0.012579094134436966 0.019487291631235637 0.024979956806013236 -0.029388433771718639
leaf_weight=2.9450281560420981 2.3204991891980171 5.312532082200053 2.6442775502800933 4.442518055438998 3.5347473770380082 7.6593339890241614 8.4867027401924116 1.946307301521301
leaf_count=13 8 18 19 14 11 22 22 11
internal_value=0.00759428 0.0120848 -0.0134455 0.0148092 0.018452 0.0206151 0.0223744 -0.0263637
internal_weight=39.2919 32.3809 6.91108 29.4358 24.1233 19.6808 16.146 4.59058
internal_count=138 100 38 87 69 55 44 30
is_linear=0
shrinkage=0.02


Tree=63
num_leaves=12
num_cat=0
split_feature=2 1 0 8 4 6 1 4 8 0 4
split_gain=8.99435 5.97513 8.33218 5.60834 3.32675 0.917852 1.37094 0.238778 0.0257582 0.0209703 0.00123455
threshold=0.15599211506534308 1.0000000180025095e-35 0.90845834212063592 1.6507839936674678 1.0000000180025095e-35 0.17135604752657965 -0.85215895934932495 0.60587243336968033 0.50047618207327893 -0.23382278944875842 1.0000000180025095e-35
decision_type=2 2 2 2 2 2 2 2 2 2 2
left_child=1 4 -3 8 -1 6 -6 -7 10 -9 -2
right_child=3 2 -4 -5 5 7 -8 9 -10 -11 -12
leaf_value=0.00092540140311673353 -0.023641286518224072 -0.02746765457777231 0.014405495854195203 0.014423006819031707 0.022387594846204392 0.019078495833130434 0.0044121357904020097 0.02413462205747658 -0.027177356751013484 0.026023384023606846 -0.024434861158944818
leaf_weight=4.3263361006975201 1.4154447838664048 3.2935132831335059 4.4953072220087051 2.0452147424221039 3.791350394487381 3.7225370854139319 3.0724902898073223 4.785703420639039 1.6247768998146055 4.6223962008953068 1.7581194713711736
leaf_count=13 11 18 13 5 10 11 10 14 10 11 12
internal_value=0.00750803 0.0119448 -0.00330062 -0.0133091 0.0168272 0.020268 0.0143412 0.0233661 -0.0251294 0.0250626 -0.0240809
internal_weight=38.9532 32.1096 7.78882 6.84356 24.3208 19.9945 6.86384 13.1306 4.79834 9.4081 3.17356
internal_count=138 100 31 38 69 56 20 36 33 25 23
is_linear=0
shrinkage=0.02


Tree=64
num_leaves=12
num_cat=0
split_feature=6 8 5 9 3 7 8 9 0 6 0
split_gain=6.30029 5.34512 7.70482 2.84502 2.33454 3.44615 1.43833 2.60258 4.19627 0.237089 0.00264974
threshold=-0.7506651905047198 -0.5527257751460336 0.6480025129075333 0.41490841030573422 -0.49961633386936638 1.5606329772903533 0.38353062843528613 -0.39996981140850457 0.86478922667810709 0.9747734885616226 -0.23382278944875842
decision_type=2 2 2 2 2 2 2 2 2 2 2
left_child=3 2 -2 -1 5 -3 9 -8 -9 10 -6
right_child=1 4 -4 -5 6 -7 7 8 -10 -11 -12
leaf_value=-0.027893745646848624 -0.0311669226377305 -0.013137867115453335 0.013063171872346955 0.002906905219541013 0.023652146685131829 0.018902469538616243 0.025938621343162382 -0.0097642975314109533 0.021687649617034021 0.017757385766153759 0.024382375658486333
leaf_weight=2.641640029847621 2.7583508267998686 2.7427627146244076 3.6733642071485519 2.1974122524261475 4.5708425939083099 2.6306362301111221 3.4639912843704224 3.7003014236688596 3.1338175535202026 3.5297905206680289 3.5171429514884966
leaf_count=16 15 13 12 8 14 8 8 13 9 12 10
internal_value=0.00743366 0.0104961 -0.00590566 -0.0139072 0.0143618 0.00254801 0.0172583 0.0118163 0.00465814 0.0220822 0.0239697
internal_weight=38.5601 33.721 6.43172 4.83905 27.2893 5.3734 21.9159 10.2981 6.83412 11.6178 8.08799
internal_count=138 114 27 24 87 21 66 30 22 36 24
is_linear=0
shrinkage=0.02


Tree=65
num_leaves=12
num_cat=0
split_feature=2 1 5 1 4 5 8 4 9 8 4
split_gain=8.53332 5.73236 8.19967 5.56873 3.22686 0.90059 1.60179 0.197286 0.0705471 0.0362101 0.00141413
threshold=0.15599211506534308 1.0000000180025095e-35 -0.78432741059449584 0.96086038777615335 1.0000000180025095e-35 0.41129137867082138 0.024839668457751932 1.0273649754552843 0.40948061076567766 0.62192628109108583 -1.0000000180025095e-35
decision_type=2 2 2 2 2 2 2 2 2 2 2
left_child=1 4 -3 9 -1 7 -7 8 -6 10 -2
right_child=3 2 -4 -5 5 6 -8 -9 -10 -11 -12
leaf_value=0.00085796271325419386 -0.023474494279242177 0.013340277253691409 -0.029099315168596204 0.014354141808873597 0.023578853942477253 0.0064901857624382765 0.024305670971345155 0.019424702391532555 0.027300294554180655 -0.027716794241441248 -0.024315427953811725
leaf_weight=4.2918098568916383 1.4912328273057938 4.6285975277423859 3.0021438449621192 2.0584455877542496 4.4935184121131915 4.2727476060390455 3.8265970647335052 3.2175328135490409 3.7281058132648468 1.4674092605710027 1.7253331393003455
leaf_count=13 12 15 16 5 14 12 11 10 9 9 12
internal_value=0.00735417 0.01173 -0.00335663 -0.013064 0.0165609 0.0200102 0.0149072 0.0236232 0.0252663 -0.0251133 -0.0239256
internal_weight=38.2035 31.4611 7.63074 6.74242 23.8303 19.5385 8.09934 11.4392 8.22162 4.68398 3.21657
internal_count=138 100 31 38 69 56 23 33 23 33 24
is_linear=0
shrinkage=0.02


Tree=66
num_leaves=10
num_cat=0
split_feature=2 0 6 8 3 8 0 8 9
split_gain=8.28104 5.45925 5.06898 4.28696 1.31662 0.649736 1.4643 0.0714367 0.00567035
threshold=0.15599211506534308 -0.91437540203719225 -0.7506651905047198 -0.5527257751460336 -0.49961633386936638 0.38353062843528613 0.47779757518331512 0.50047618207327893 0.40948061076567766
decision_type=2 2 2 2 2 2 2 2 2
left_child=2 -2 -1 -4 -5 8 -7 -3 -6
right_child=1 7 3 4 5 6 -8 -9 -10
leaf_value=-0.010649627682017198 0.01211598585595074 -0.023815987175933244 -0.0018199933757614417 0.0084081469688321205 0.023455754219021713 0.0065679617661112836 0.024640732811871166 -0.028977237471727611 0.024404908427340666
leaf_weight=3.6179656684398678 2.283192552626133 2.502331629395484 5.2027564197778728 4.3106460571289125 6.8649338781833631 3.4178376197814933 3.7726591229438782 1.8775295764207838 3.9757184088230133
leaf_count=15 8 19 18 14 22 10 10 11 11
internal_value=0.00727989 -0.0129577 0.011607 0.0145304 0.018338 0.0207119 0.0160503 -0.0260285 0.0238038
internal_weight=37.8256 6.66305 31.1625 27.5446 22.3418 18.0311 7.1905 4.37986 10.8407
internal_count=138 38 100 85 67 53 20 30 33
is_linear=0
shrinkage=0.02


Tree=67
num_leaves=11
num_cat=0
split_feature=2 8 6 8 3 8 0 8 2 4
split_gain=8.02668 5.37864 4.91651 4.1979 1.31001 0.655367 1.45158 0.0231965 0.00306883 0.00107791
threshold=0.15599211506534308 1.6507839936674678 -0.7506651905047198 -0.5527257751460336 -0.49961633386936638 0.38353062843528613 0.47779757518331512 0.50047618207327893 -0.85626826048423743 1.0000000180025095e-35
decision_type=2 2 2 2 2 2 2 2 2 2
left_child=2 7 -1 -4 -5 8 -7 9 -6 -2
right_child=1 -3 3 4 5 6 -8 -9 -10 -11
leaf_value=-0.010457306872843294 -0.023385803509322348 0.01434681697329133 -0.001783119429704397 0.008270670939023091 0.024140161281926809 0.0064547680387220851 0.024528611274422529 -0.026814883297505331 0.023444310346325985 -0.024145943432018441
leaf_weight=3.6108858287334469 1.3432559892535203 2.0208904147148132 5.2041265815496471 4.294813007116324 4.149716854095467 3.4083154201507559 3.7146888077259064 1.5540452077984808 6.515660881996145 1.6787959560751913
leaf_count=15 11 5 18 14 12 10 10 10 21 12
internal_value=0.00719825 -0.0128282 0.011474 0.0143762 0.0181843 0.0205778 0.0158804 -0.0248292 0.0237151 -0.0238081
internal_weight=37.4952 6.59699 30.8982 27.2873 22.0832 17.7884 7.123 4.5761 10.6654 3.02205
internal_count=138 38 100 85 67 53 20 33 33 23
is_linear=0
shrinkage=0.02


Tree=68
num_leaves=12
num_cat=0
split_feature=2 1 5 1 4 6 5 4 1 0 0
split_gain=7.78375 5.65471 7.71071 5.30887 3.17603 0.930675 1.56462 0.242982 0.0285005 0.0210648 0.00118839
threshold=0.15599211506534308 -1.0000000180025095e-35 -0.78432741059449584 0.96086038777615335 1.0000000180025095e-35 0.17135604752657965 0.090007283672871988 0.60587243336968033 0.063592119032144165 -0.23382278944875842 0.28793797524175485
decision_type=2 2 2 2 2 2 2 2 2 2 2
left_child=1 4 -3 8 -1 6 -6 -7 10 -9 -2
right_child=3 2 -4 -5 5 7 -8 9 -10 -11 -12
leaf_value=0.00057845761014974984 -0.023426977678006673 0.012694866752756183 -0.0289080785701556 0.014130255523286004 0.022183662538126196 0.018498957976117197 0.0024527251425825796 0.023726693716765043 -0.027287515484599782 0.025676052036190833 -0.024205064718678955
leaf_weight=4.2471591532230404 1.5866650640964501 4.4876823574304581 2.9556350111961391 2.0281728804111481 3.6999477595090893 3.5341469496488562 2.8426915109157562 4.4386312067508742 1.3491986095905302 4.4307751357555327 1.5543365776538847
leaf_count=13 13 15 16 5 11 11 9 14 9 11 11
internal_value=0.00711995 0.0113424 -0.00382507 -0.0127258 0.01621 0.0197141 0.0136108 0.0229335 -0.0248563 0.0247005 -0.023812
internal_weight=37.155 30.6367 7.44332 6.51837 23.1934 18.9462 6.54264 12.4036 4.4902 8.86941 3.141
internal_count=138 100 31 38 69 56 20 36 33 25 24
is_linear=0
shrinkage=0.02


Tree=69
num_leaves=11
num_cat=0
split_feature=2 1 7 8 6 7 6 1 5 8
split_gain=7.55347 5.48966 7.55113 5.18519 2.5178 2.60972 0.347629 0.027602 0.01486 0.000742169
threshold=0.15599211506534308 -1.0000000180025095e-35 0.47665578114203039 1.6507839936674678 0.17135604752657965 0.05120545066392504 0.75723758682633158 0.23949378764170415 0.82102014695929593 -1.0000000180025095e-35
decision_type=2 2 2 2 2 2 2 2 2 2
left_child=1 4 -3 7 5 -1 -6 9 -8 -2
right_child=3 2 -4 -5 6 -7 8 -9 -10 -11
leaf_value=0.015136720111403521 -0.023376278034723801 -0.028229932279790364 0.012953756389365847 0.014102887549372865 0.017648476477571614 -0.0075045261393920327 0.023539092084514057 -0.027192620482235742 0.025277095999455518 -0.023986456936565235
leaf_weight=6.6869800090789813 1.5720305219292641 2.9997009634971645 4.3826851397752762 2.0013235807418823 5.2379734963178626 2.9280077517032623 4.7571816146373731 1.2493820711970327 3.355964183807373 1.618027687072753
leaf_count=19 13 17 14 5 15 11 15 8 9 12
internal_value=0.00704768 0.0112226 -0.0037805 -0.012624 0.0160452 0.00824189 0.0216649 -0.0246727 0.024258 -0.0236858
internal_weight=36.7893 30.3485 7.38239 6.44076 22.9661 9.61499 13.3511 4.43944 8.11315 3.19006
internal_count=138 100 31 38 69 30 39 33 24 25
is_linear=0
shrinkage=0.02


Tree=70
num_leaves=12
num_cat=0
split_feature=2 1 5 0 4 5 8 4 1 7 0
split_gain=7.32987 5.32612 7.37321 5.16151 3.1256 0.928406 1.59274 0.204781 0.0917144 0.048404 0.00129446
threshold=0.15599211506534308 -1.0000000180025095e-35 -0.78432741059449584 -0.91437540203719225 1.0000000180025095e-35 0.41129137867082138 0.024839668457751932 1.0273649754552843 0.43333659675420083 1.3120895629124336 0.31481364647222476
decision_type=2 2 2 2 2 2 2 2 2 2 2
left_child=1 4 -3 -2 -1 7 -7 9 10 -6 -5
right_child=3 2 -4 8 5 6 -8 -9 -10 -11 -12
leaf_value=0.00035292583576344616 0.012090061713686793 0.0124942646935082 -0.028568911768202181 -0.023155925386137737 0.026591070007346087 0.0057506516330892632 0.023933852553761476 0.018804283699299571 -0.029886411233817311 0.023425921016114459 -0.024023553726200988
leaf_weight=4.2239913493394878 2.219315804541111 4.4244340658187866 2.8926025032997158 1.3812192082405084 3.7070628702640551 4.1758349388837805 3.577959418296814 3.0246026217937469 1.3929673880338667 4.0376424789428711 1.3701433464884756
leaf_count=13 8 15 16 12 10 12 11 10 8 13 10
internal_value=0.00697594 0.0111035 -0.00373901 -0.012524 0.0158778 0.0194181 0.0141412 0.0232174 -0.025705 0.0249409 -0.023588
internal_weight=36.4278 30.0641 7.31704 6.36365 22.7471 18.5231 7.75379 10.7693 4.14433 7.74471 2.75136
internal_count=138 100 31 38 69 56 23 33 30 23 22
is_linear=0
shrinkage=0.02


Tree=71
num_leaves=11
num_cat=0
split_feature=2 1 7 1 6 7 6 8 5 6
split_gain=7.11027 5.17118 7.22243 5.06739 2.52172 2.54768 0.35108 0.0370584 0.014115 0.000426695
threshold=0.15599211506534308 -1.0000000180025095e-35 0.47665578114203039 0.96086038777615335 0.17135604752657965 0.05120545066392504 0.75723758682633158 0.73852143575176588 0.82102014695929593 0.75723758682633158
decision_type=2 2 2 2 2 2 2 2 2 2
left_child=1 4 -3 7 5 -1 -6 9 -8 -2
right_child=3 2 -4 -5 6 -7 8 -9 -10 -11
leaf_value=0.014762670555119728 -0.023198973178335365 -0.027907967672750517 0.012746938030427346 0.013928789050181292 0.017371107567179175 -0.0077038085785979303 0.02337652047987096 -0.027491066407701749 0.025094427983357592 -0.023674446651159954
leaf_weight=6.5975226014852542 1.622027121484279 2.9349147081375149 4.3217337280511856 1.9970826059579847 5.1395977735519391 2.9093137234449387 4.6013322174549103 1.2684621065855024 3.2746091783046722 1.4123114421963689
leaf_count=19 14 17 14 5 15 11 15 8 9 11
internal_value=0.00690332 0.0109871 -0.00369573 -0.0124001 0.0157178 0.0078874 0.0214373 -0.0246203 0.0240908 -0.0234203
internal_weight=36.0789 29.779 7.25665 6.29988 22.5224 9.50684 13.0155 4.3028 7.87594 3.03434
internal_count=138 100 31 38 69 30 39 33 24 25
is_linear=0
shrinkage=0.02


Tree=72
num_leaves=9
num_cat=0
split_feature=2 0 6 9 0 6 2 3
split_gain=6.8998 4.98251 4.5962 1.77077 3.186 2.96816 0.219218 0.0435719
threshold=0.15599211506534308 -0.91437540203719225 -0.7506651905047198 -0.78796202312238384 -0.13433727993583403 0.70641033522609809 -0.76793494662038553 -1.0000000180025095e-35
decision_type=2 2 2 2 2 2 2 2
left_child=2 -2 -1 -4 -5 -6 -7 -3
right_child=1 7 3 4 5 6 -8 -9
leaf_value=-0.010529543147466694 0.011928966359867366 -0.02332819516720824 0.023098153606735776 -0.0034199310275945345 0.0033921993849082848 0.01848140577054698 0.024570103595863566 -0.027493778733757714
leaf_weight=3.5336424559354809 2.1965841799974442 1.9124810323119161 6.2101203203201321 4.7505673468113008 5.3319451659917787 4.1198213100433394 5.5540600121021209 2.1154204457998267
leaf_count=15 8 16 19 19 18 13 16 14
internal_value=0.006833 -0.0123018 0.0108704 0.0137826 0.0108544 0.0153734 0.0219771 -0.0255159
internal_weight=35.7246 6.22449 29.5002 25.9665 19.7564 15.0058 9.67388 4.0279
internal_count=138 38 100 85 66 47 29 30
is_linear=0
shrinkage=0.02


Tree=73
num_leaves=11
num_cat=0
split_feature=2 1 0 8 6 7 6 1 5 0
split_gain=6.68523 5.02787 6.98473 4.89342 2.44937 2.45061 0.351709 0.0249235 0.0124827 0.000734079
threshold=0.15599211506534308 -1.0000000180025095e-35 0.90845834212063592 1.6507839936674678 0.17135604752657965 0.05120545066392504 0.75723758682633158 0.23949378764170415 0.82102014695929593 0.31481364647222476
decision_type=2 2 2 2 2 2 2 2 2 2
left_child=1 4 -3 7 5 -1 -6 9 -8 -2
right_child=3 2 -4 -5 6 -7 8 -9 -10 -11
leaf_value=0.014540817718521738 -0.023108162814123739 -0.026787042253004316 0.013197192571656946 0.013913759544466371 0.017100963696267676 -0.0075203416155862979 0.023221384427553473 -0.026791974029021379 0.024862556565498354 -0.023739261351804122
leaf_weight=6.5338276773691195 1.6958982795476907 3.0459025874733952 4.0997556298971176 1.9598444849252699 5.0508885234594327 2.9115959256887436 4.4480531811714172 1.2009321078658102 3.1784648895263672 1.3042004629969595
leaf_count=19 15 18 13 5 15 11 15 8 9 10
internal_value=0.00675313 0.010739 -0.00384646 -0.0121827 0.0154501 0.00774036 0.0211944 -0.0243572 0.0239054 -0.0233825
internal_weight=35.4294 29.2685 7.14566 6.16088 22.1228 9.44542 12.6774 4.20103 7.62652 3.0001
internal_count=138 100 31 38 69 30 39 33 24 25
is_linear=0
shrinkage=0.02


Tree=74
num_leaves=12
num_cat=0
split_feature=2 1 3 1 4 5 6 4 6 8 4
split_gain=6.48876 4.87593 6.89877 4.83757 3.11283 0.999523 2.08072 0.199101 0.0574827 0.0346085 0.000952865
threshold=0.15599211506534308 -1.0000000180025095e-35 0.268159686237813 0.96086038777615335 1.0000000180025095e-35 0.41129137867082138 0.75723758682633158 1.0273649754552843 0.81394048985496603 0.73852143575176588 -1.0000000180025095e-35
decision_type=2 2 2 2 2 2 2 2 2 2 2
left_child=1 4 -3 9 -1 7 -7 8 -6 10 -2
right_child=3 2 -4 -5 5 6 -8 -9 -10 -11 -12
leaf_value=-0.00032262297420548522 -0.02283179287964188 -0.028366195273542148 0.012074333158542765 0.01372736472541373 0.02663470678585235 0.0034466395943758754 0.024657199651445888 0.018548435226542124 0.023093248323597725 -0.027219190793063373 -0.023558230024210411
leaf_weight=4.1431848257780102 1.3862148150801656 2.7785839363932636 4.2962786853313446 1.9657855927944181 3.3580143749713915 3.9681401252746573 3.4657670557498932 2.9399881213903427 4.0376189947128296 1.2263712584972379 1.5079578608274453
leaf_count=13 13 16 15 5 9 13 10 10 14 8 12
internal_value=0.00668578 0.0106275 -0.00380829 -0.0120878 0.0152884 0.0189283 0.0133352 0.0229511 0.0247013 -0.0244034 -0.0232103
internal_weight=35.0739 28.9876 7.07486 6.08633 21.9127 17.7695 7.43391 10.3356 7.39563 4.12054 2.89417
internal_count=138 100 31 38 69 56 23 33 23 33 25
is_linear=0
shrinkage=0.02


Tree=75
num_leaves=11
num_cat=0
split_feature=2 1 7 8 4 1 4 3 1 0
split_gain=6.2967 4.73257 6.77478 4.72227 3.05513 0.953704 0.674189 0.0377495 0.0250572 0.000636889
threshold=0.15599211506534308 -1.0000000180025095e-35 0.47665578114203039 1.6507839936674678 1.0000000180025095e-35 -0.47163125902618647 1.1240636957328454 0.72005873978625023 0.23949378764170415 0.31481364647222476
decision_type=2 2 2 2 2 2 2 2 2 2
left_child=1 4 -3 8 -1 6 7 -6 9 -2
right_child=3 2 -4 -5 5 -7 -8 -9 -10 -11
leaf_value=-0.00031613706819159622 -0.022966355000211231 -0.027632748568695468 0.012416613735011489 0.013689823356147615 0.023449784054863358 0.011469785857634918 0.013658664874502605 0.026078209801017608 -0.026690335331569046 -0.023564211576474318
leaf_weight=4.1436189413070705 1.6380196213722222 2.8348646536469486 4.1817709356546402 1.939843565225601 5.9157665669918114 5.0786596238613084 3.0968075245618811 3.4663207083940506 1.1733988523483274 1.2617548406124113
leaf_count=13 15 17 14 5 20 16 10 10 8 10
internal_value=0.00661754 0.0105143 -0.00376415 -0.011993 0.0151309 0.0187764 0.0217501 0.0244209 -0.0242244 -0.0232265
internal_weight=34.7308 28.7178 7.01664 6.01302 21.7012 17.5576 12.4789 9.38209 4.07317 2.89977
internal_count=138 100 31 38 69 56 40 30 33 25
is_linear=0
shrinkage=0.02


Tree=76
num_leaves=11
num_cat=0
split_feature=2 1 1 5 6 3 6 8 5 6
split_gain=6.1105 4.6703 4.59084 6.67131 2.46962 2.52539 0.349467 0.0343319 0.0106613 0.000366444
threshold=0.15599211506534308 0.96086038777615335 -1.0000000180025095e-35 -0.78432741059449584 0.17135604752657965 0.95620799138247847 0.75723758682633158 0.73852143575176588 0.82102014695929593 0.75723758682633158
decision_type=2 2 2 2 2 2 2 2 2 2
left_child=2 7 4 -4 5 -1 -6 9 -8 -2
right_child=1 -3 3 -5 6 -7 8 -9 -10 -11
leaf_value=-0.0030541796041814889 -0.022848902643076451 0.013509660414855504 0.01210343163247227 -0.027970414903577951 0.016770456492043683 0.017820203645675842 0.023013981759611935 -0.027109945518935065 0.024565288781487643 -0.023307763739563087
leaf_weight=4.7233651429414767 1.4886849820613859 1.9456502199172971 4.2074486911296844 2.7463125810027149 4.9374994784593564 4.552782267332077 4.2360534816980362 1.1980157196521757 3.0464368760585785 1.307650603353977
leaf_count=17 14 5 15 16 15 13 15 8 9 11
internal_value=0.0065501 -0.0119 0.0104023 -0.0037233 0.0149717 0.00719108 0.020878 -0.0242771 0.0236629 -0.0230635
internal_weight=34.3899 5.94 28.4499 6.95376 21.4961 9.27615 12.22 3.99435 7.28249 2.79634
internal_count=138 38 100 31 69 30 39 33 24 25
is_linear=0
shrinkage=0.02


Tree=77
num_leaves=12
num_cat=0
split_feature=2 8 1 3 4 5 6 4 6 1 4
split_gain=5.93041 4.55914 4.45641 6.51025 3.00394 1.03449 2.08086 0.198475 0.0521599 0.0251665 0.000516642
threshold=0.15599211506534308 1.6507839936674678 -1.0000000180025095e-35 0.268159686237813 1.0000000180025095e-35 0.41129137867082138 0.75723758682633158 1.0273649754552843 0.81394048985496603 0.23949378764170415 0.54320285353745712
decision_type=2 2 2 2 2 2 2 2 2 2 2
left_child=2 9 4 -4 -1 7 -7 8 -6 10 -2
right_child=1 -3 3 -5 5 6 -8 -9 -10 -11 -12
leaf_value=-0.00052331680138163912 -0.022841000220667422 0.013473434345897633 -0.027944688937971703 0.011884297787804568 0.026338542653617167 0.002821700937790187 0.024371147400865593 0.018231479888583205 0.022896098625625767 -0.026596169024978487 -0.023389033833741028
leaf_weight=4.1170031279325512 1.5873395428061483 1.9198825061321256 2.6946353465318706 4.2005289494991302 3.2481542527675646 3.8969867974519721 3.3188702464103699 2.8600408285856247 3.8444144576787949 1.1464357599616048 1.2145554497838018
leaf_count=13 15 5 16 15 9 13 10 10 14 8 10
internal_value=0.00648408 -0.0118072 0.010293 -0.0036809 0.0148196 0.0184989 0.0127332 0.0226791 0.0244726 -0.0240999 -0.0230786
internal_weight=34.0488 5.86821 28.1806 6.89516 21.2855 17.1685 7.21586 9.95261 7.09257 3.94833 2.80189
internal_count=138 38 100 31 69 56 23 33 23 33 25
is_linear=0
shrinkage=0.02


Tree=78
num_leaves=11
num_cat=0
split_feature=2 1 1 6 4 2 4 8 4 4
split_gain=5.75502 4.51083 4.33157 5.7781 3.30393 0.770777 0.223588 0.0340608 0.0163116 0.000722689
threshold=0.15599211506534308 0.96086038777615335 -0.3079714151032979 0.70641033522609809 1.0000000180025095e-35 -0.85626826048423743 0.59157309872150321 0.73852143575176588 1.0055864473690754 1.0000000180025095e-35
decision_type=2 2 2 2 2 2 2 2 2 2
left_child=2 7 4 -4 -1 -6 -7 9 -8 -2
right_child=1 -3 3 -5 5 6 8 -9 -10 -11
leaf_value=-0.00051276104386231399 -0.022582437947159896 0.01329937980427652 -0.022102956305619443 0.011629919490974109 0.011175311666363871 0.017725530441667022 0.022687380919590616 -0.027009183734046146 0.024476223566805354 -0.023237360101482092
leaf_weight=4.1177070587873486 1.2914344966411588 1.9255594909191129 3.3636392802000064 5.1271719932556152 3.3416005969047573 3.4292943775653795 3.3646766990423185 1.1702001392841337 5.1750064194202423 1.4095606654882429
leaf_count=13 13 5 18 18 11 12 13 8 15 12
internal_value=0.0064179 -0.0117161 0.010183 -0.00173338 0.0153909 0.0196681 0.0220392 -0.024159 0.0237714 -0.0229242
internal_weight=33.7159 5.79675 27.9191 8.49081 19.4283 15.3106 11.969 3.8712 8.53968 2.701
internal_count=138 38 100 36 64 51 40 33 28 25
is_linear=0
shrinkage=0.02


Tree=79
num_leaves=11
num_cat=0
split_feature=2 8 6 8 1 3 4 1 6 4
split_gain=5.58297 4.40352 4.24369 3.86865 1.35964 2.12069 0.453588 0.0252465 0.000673825 0.000450315
threshold=0.15599211506534308 1.6507839936674678 -0.7506651905047198 -0.5527257751460336 -0.4441601708160508 0.37258192227414549 0.086813819760537758 0.23949378764170415 0.14403228217981978 0.54320285353745712
decision_type=2 2 2 2 2 2 2 2 2 2
left_child=2 7 -1 -4 6 -6 -5 9 -8 -2
right_child=1 -3 3 4 5 -7 8 -9 -10 -11
leaf_value=-0.010840498172513679 -0.022712374152605755 0.013264286660575835 -0.0030885369074851307 0.014521810881763155 -0.0036880468789524446 0.019850653822189042 0.023084864309933503 -0.026508530341469543 0.022719165902157099 -0.023232917505703363
leaf_weight=3.404557608067992 1.5325328335165975 1.8999791741371153 4.7950161397457149 3.6116802394390168 2.792537465691562 3.388966977596283 2.86114454269409 1.1200372800230978 6.8180486708879471 1.1739922910928724
leaf_count=15 15 5 18 10 10 11 10 8 26 10
internal_value=0.0063501 -0.0116251 0.0100699 0.0130035 0.0169662 0.00921688 0.0205703 -0.0239832 0.0228273 -0.0229382
internal_weight=33.3985 5.72654 27.672 24.2674 19.4724 6.1815 13.2909 3.82656 9.67919 2.70653
internal_count=138 38 100 85 67 21 46 33 36 25
is_linear=0
shrinkage=0.02


Tree=80
num_leaves=12
num_cat=0
split_feature=2 1 1 9 4 5 6 4 1 9 6
split_gain=5.41553 7.2516 4.22235 6.36885 2.9117 1.04339 2.06448 0.206103 0.095596 0.0544515 0.000423709
threshold=0.15599211506534308 1.1274412505852673 -1.0000000180025095e-35 0.78977642988516339 1.0000000180025095e-35 0.41129137867082138 0.75723758682633158 1.0273649754552843 0.55481494771467277 0.40948061076567766 0.75723758682633158
decision_type=2 2 2 2 2 2 2 2 2 2 2
left_child=2 8 4 -4 -1 7 -7 9 10 -6 -2
right_child=1 -3 3 -5 5 6 -8 -9 -10 -11 -12
leaf_value=-0.00067099369070931325 -0.022726061003990598 0.02706025820173414 -0.027789397377863501 0.011945058735925202 0.022625458570352235 0.0024036935763796477 0.024178611671704538 0.017843179875960746 -0.029589729312651105 0.02620514240370422 -0.023212859406443548
leaf_weight=4.092682600021365 1.8340707868337625 1.4485562741756437 2.6706185191869762 4.0766306519508362 3.5766926854848879 3.8281705528497687 3.1953964233398438 2.7536320686340332 1.2016594856977461 3.2389729917049408 1.1723736524581907
leaf_count=13 18 3 16 15 14 13 10 10 7 9 10
internal_value=0.00628231 -0.0115358 0.00995641 -0.00378218 0.0144377 0.0181643 0.0123103 0.022461 -0.0248217 0.0243266 -0.0229159
internal_weight=33.0895 5.65666 27.4328 6.74725 20.6855 16.5929 7.02357 9.5693 4.2081 6.81567 3.00644
internal_count=138 38 100 31 69 56 23 33 35 23 28
is_linear=0
shrinkage=0.02


Tree=81
num_leaves=12
num_cat=0
split_feature=2 1 1 5 4 5 6 4 1 6 6
split_gain=5.25858 7.07079 4.09709 6.17528 2.85628 1.03915 2.03595 0.206818 0.0893519 0.0484249 0.000395088
threshold=0.15599211506534308 1.1274412505852673 -1.0000000180025095e-35 -0.78432741059449584 1.0000000180025095e-35 0.41129137867082138 0.75723758682633158 1.0273649754552843 0.55481494771467277 0.81394048985496603 0.75723758682633158
decision_type=2 2 2 2 2 2 2 2 2 2 2
left_child=2 8 4 -4 -1 7 -7 9 10 -6 -2
right_child=1 -3 3 -5 5 6 -8 -9 -10 -11 -12
leaf_value=-0.00065742715546216563 -0.022665405881436115 0.026871797548469883 0.011789687529524164 -0.027514455134757965 0.026062846662288731 0.0023583668209939184 0.024083321848451515 0.017696939721792884 -0.029345702558576534 0.022654634364942462 -0.023139501690562551
leaf_weight=4.0935838073492077 1.8025163784623139 1.4297304749488828 4.0470697209239006 2.6433297619223621 3.1081779003143328 3.8237564563751212 3.1443914473056793 2.7211867272853851 1.1875608041882513 3.5977030098438263 1.1527655497193334
leaf_count=13 18 3 15 16 9 13 10 10 7 14 10
internal_value=0.00622096 -0.0114776 0.00984971 -0.0037391 0.014287 0.0180183 0.0121618 0.0223473 -0.0247123 0.0242343 -0.0228503
internal_weight=32.7518 5.57257 27.1792 6.6904 20.4888 16.3952 6.96815 9.42707 4.14284 6.70588 2.95528
internal_count=138 38 100 31 69 56 23 33 35 23 28
is_linear=0
shrinkage=0.02


Tree=82
num_leaves=10
num_cat=0
split_feature=6 8 5 7 9 9 3 0 3
split_gain=4.64578 4.08718 6.71212 2.58441 1.97679 2.92188 2.81224 0.963533 0.0428554
threshold=-0.7506651905047198 -0.5527257751460336 0.6480025129075333 -0.076137610184168522 -0.6875708483175984 -0.069933938540838417 -0.18364081408426278 -1.0000000180025095e-35 -0.28469054261208732
decision_type=2 2 2 2 2 2 2 2 2
left_child=3 2 -2 -1 8 -6 -7 -8 -3
right_child=1 4 -4 -5 5 6 7 -9 -10
leaf_value=0.002612699358443982 -0.031170966824988624 0.02080337429547607 0.012974948289061849 -0.028632606673461663 -0.0085384801751959734 -0.0074704182657157848 0.010272999955937502 0.022158869932296404 0.024170753903578514
leaf_weight=2.0708877742290497 2.4339573085308102 2.787680983543396 3.1743925958871841 2.1668500602245322 3.0048334524035516 2.1897075772285524 4.6168673634529158 6.6686787009239028 3.3029266148805645
leaf_count=10 15 11 12 14 15 10 17 24 10
internal_value=0.00616036 0.00909651 -0.00618386 -0.0133637 0.0128934 0.00929514 0.0132718 0.0172964 0.0226295
internal_weight=32.4168 28.179 5.60835 4.23774 22.5707 16.4801 13.4753 11.2855 6.09061
internal_count=138 114 27 24 87 66 51 41 21
is_linear=0
shrinkage=0.02


Tree=83
num_leaves=12
num_cat=0
split_feature=2 1 1 9 2 2 3 5 1 6 6
split_gain=5.06637 6.87736 3.97835 5.4019 1.61711 1.40974 0.628047 0.169411 0.0854638 0.00263387 0.000396962
threshold=0.15599211506534308 1.1274412505852673 -0.3079714151032979 0.5340644724137088 -0.85626826048423743 -0.30823923016583504 0.42355515129122501 -0.063184337802066212 0.55481494771467277 0.56312728659614331 0.75723758682633158
decision_type=2 2 2 2 2 2 2 2 2 2 2
left_child=2 8 4 -4 -1 7 -7 -6 10 -9 -2
right_child=1 -3 3 -5 5 6 -8 9 -10 -11 -12
leaf_value=0.0029424151720197768 -0.022590705619535006 0.026663166898082815 -0.021859961329559866 0.011354084457297128 0.018262215619874258 0.016531600710508697 0.0029621317171251021 0.024548491422739196 -0.029176406533727297 0.023749686463956223 -0.023070788477456205
leaf_weight=3.677666217088702 1.7602421641349786 1.4077844917774198 3.2674749493598956 4.8899247199296951 2.7258324027061471 2.7006908059120134 2.7573037594556808 3.6030935496091852 1.1742741912603376 3.0476738065481186 1.1319661438465116
leaf_count=13 18 3 18 18 11 10 10 10 7 10 10
internal_value=0.00608934 -0.0114363 0.00968669 -0.00194992 0.0148143 0.0177575 0.00967649 0.0224614 -0.0246261 0.0241824 -0.0227786
internal_weight=32.1439 5.47427 26.6697 8.1574 18.5123 14.8346 5.45799 9.3766 4.06648 6.65077 2.89221
internal_count=138 38 100 36 64 51 20 31 35 20 28
is_linear=0
shrinkage=0.02


Tree=84
num_leaves=10
num_cat=0
split_feature=6 8 5 1 9 9 5 6 5
split_gain=4.44774 3.9349 6.46078 2.68333 1.92201 2.8306 1.9128 0.745481 0.0429604
threshold=-0.7506651905047198 -0.5527257751460336 0.6480025129075333 -0.90449082592239782 -0.6875708483175984 -0.069933938540838417 0.41129137867082138 1.0221868596618633 0.82102014695929593
decision_type=2 2 2 2 2 2 2 2 2
left_child=3 2 -2 -1 8 -6 7 -7 -3
right_child=1 4 -4 -5 5 6 -8 -9 -10
leaf_value=0.0045798361314862909 -0.030932362074330953 0.020632786542402529 0.012728950846337477 -0.027631519160759503 -0.0085079665484267368 0.019861139736959538 -0.0022803691542955082 0.0075269494383278616 0.024045953388048436
leaf_weight=1.8746234551072118 2.3903107643127504 2.7712595313787522 3.1319359764456749 2.3081837221980122 2.9698377102613547 8.0452317893504937 2.6000272035598746 2.5914509519934645 3.1537183821201324
leaf_count=7 15 11 12 17 15 30 9 12 10
internal_value=0.00602593 0.00893325 -0.0061699 -0.0131952 0.0127018 0.00913809 0.0130972 0.0168561 0.0224495
internal_weight=31.8366 27.6538 5.52225 4.18281 22.1315 16.2065 13.2367 10.6367 5.92498
internal_count=138 114 27 24 87 66 51 42 21
is_linear=0
shrinkage=0.02


Tree=85
num_leaves=12
num_cat=0
split_feature=2 1 1 7 4 5 6 4 1 9 6
split_gain=4.85534 6.71658 3.81058 5.7745 2.87319 1.04284 1.96596 0.204458 0.0817689 0.0464967 0.000425571
threshold=0.15599211506534308 1.1274412505852673 1.0000000180025095e-35 0.47665578114203039 1.0000000180025095e-35 0.41129137867082138 0.75723758682633158 1.0273649754552843 0.55481494771467277 0.40948061076567766 0.75723758682633158
decision_type=2 2 2 2 2 2 2 2 2 2 2
left_child=2 8 4 -4 -1 7 -7 9 10 -6 -2
right_child=1 -3 3 -5 5 6 -8 -9 -10 -11 -12
leaf_value=-0.0013008402638460634 -0.022509328941577311 0.026502715008292183 -0.026897400825002846 0.011727823096412682 0.022433340950984669 0.002071045243085027 0.023833295822233907 0.017425545508471314 -0.029011596132649128 0.025840185356888028 -0.023011316087178543
leaf_weight=3.988277733325968 1.7146425843238828 1.3905622363090513 2.5956505089998236 3.8366512805223465 3.3636408746242505 3.7384954839944831 2.987229123711586 2.618171215057373 1.1603973060846327 3.0603781640529633 1.1147038787603376
leaf_count=13 18 3 17 14 14 13 10 10 7 9 10
internal_value=0.0059563 -0.0113483 0.00951146 -0.00385876 0.0138646 0.0177005 0.0117367 0.0221364 -0.0245407 0.0240563 -0.0227071
internal_weight=31.5688 5.38031 26.1885 6.4323 19.7562 15.7679 6.72572 9.04219 3.98974 6.42402 2.82935
internal_count=138 38 100 31 69 56 23 33 35 23 28
is_linear=0
shrinkage=0.02


Tree=86
num_leaves=12
num_cat=0
split_feature=2 1 1 5 4 1 0 2 1 3 8
split_gain=4.71577 6.55145 3.71794 4.29632 3.16502 1.18049 0.977428 0.360351 0.0764854 0.0437632 0.000486901
threshold=0.15599211506534308 1.1274412505852673 -0.3079714151032979 -0.78432741059449584 1.0000000180025095e-35 0.23949378764170415 0.47779757518331512 -0.2550922309320241 0.55481494771467277 0.58409296674374656 0.12429523781123605
decision_type=2 2 2 2 2 2 2 2 2 2 2
left_child=2 8 4 -4 -1 -5 7 9 10 -6 -2
right_child=1 -3 3 5 6 -7 -8 -9 -10 -11 -12
leaf_value=-0.0012742693609481797 -0.022361329863963816 0.026332688891330384 0.012163364778639184 -0.0061091639898687641 0.022797395867225807 -0.028349449141147922 0.0090506824347162101 0.015204076748443089 -0.028786326559676816 0.025935558097949906 -0.022892157117963313
leaf_weight=3.9899938106536963 1.2852060273289678 1.3717392981052396 4.1261527687311172 1.9017184898257249 5.739618614315992 1.916916951537132 3.121714159846305 2.5727051496505657 1.1462310701608656 2.5750042051076889 1.4954246953129766
leaf_count=13 14 3 16 9 22 11 10 11 7 8 14
internal_value=0.00589894 -0.0112948 0.00941048 -0.0019854 0.0144406 -0.0172736 0.0189165 0.0217453 -0.0244389 0.0237693 -0.0226468
internal_weight=31.2424 5.2986 25.9438 7.94479 17.999 3.81864 14.009 10.8873 3.92686 8.31462 2.78063
internal_count=138 38 100 36 64 20 51 41 35 30 28
is_linear=0
shrinkage=0.02


Tree=87
num_leaves=11
num_cat=0
split_feature=2 1 1 9 4 0 2 1 9 8
split_gain=4.57838 6.39111 3.61416 5.05407 3.10726 0.97692 0.360077 0.0715555 0.0398198 0.000455191
threshold=0.15599211506534308 1.1274412505852673 -0.3079714151032979 0.5340644724137088 1.0000000180025095e-35 0.47779757518331512 -0.2550922309320241 0.55481494771467277 0.36941956936840464 0.12429523781123605
decision_type=2 2 2 2 2 2 2 2 2 2
left_child=2 7 4 -4 -1 6 8 9 -6 -2
right_child=1 -3 3 -5 5 -7 -8 -9 -10 -11
leaf_value=-0.0012482535062361567 -0.022309471769805609 0.026168158010011409 -0.021469684731449352 0.011162706500703936 0.022564081309634158 0.0089098588784923913 0.015073062005802005 -0.028567789074251265 0.025420318423488179 -0.022827223918665859
leaf_weight=3.9916740059852698 1.262656085193157 1.3529457449913023 3.175104320049285 4.721655860543251 4.9554033577442222 3.107774391770362 2.5434610992669979 1.1320422664284704 3.221767783164978 1.4699409976601598
leaf_count=13 14 3 18 18 20 10 11 7 10 14
internal_value=0.00583931 -0.0112427 0.00930501 -0.00195802 0.0142961 0.0187831 0.0216452 -0.0243396 0.0236894 -0.022588
internal_weight=30.9344 5.21759 25.7168 7.89676 17.8201 13.8284 10.7206 3.86464 8.17717 2.7326
internal_count=138 38 100 36 64 51 41 35 30 28
is_linear=0
shrinkage=0.02


Tree=88
num_leaves=10
num_cat=0
split_feature=6 8 5 1 9 9 3 3 3
split_gain=4.25085 3.68945 6.14871 2.47827 1.94437 3.32422 2.09178 0.244899 0.101603
threshold=-0.7506651905047198 -0.5527257751460336 0.6480025129075333 -0.90449082592239782 -0.39996981140850457 0.20787457520087388 0.05637705060394798 0.63635672176186497 -0.31987978689719815
decision_type=2 2 2 2 2 2 2 2 2
left_child=3 2 -2 -1 8 -6 -7 -8 -3
right_child=1 4 -4 -5 5 6 7 -9 -10
leaf_value=0.003859775946169347 -0.030742569309547607 0.018709211404531322 0.012561187614155131 -0.027561893118334454 -0.010951267026425919 0.0014644763731937308 0.02269691014633993 0.015636452625525887 0.023787681878273594
leaf_weight=1.8379578068852422 2.3109761551022592 2.7611553072929382 3.0328299626708031 2.2129032537341145 2.8550832048058412 4.087742514908312 3.8599828481674194 4.0029484778642654 3.6706224828958591
leaf_count=7 15 12 12 17 15 16 15 17 12
internal_value=0.00577982 0.00868829 -0.0061659 -0.0133052 0.0124259 0.00843734 0.0130694 0.0191025 0.0216075
internal_weight=30.6322 26.5813 5.34381 4.05086 21.2375 14.8058 11.9507 7.86293 6.43178
internal_count=138 114 27 24 87 63 48 32 24
is_linear=0
shrinkage=0.02


Tree=89
num_leaves=11
num_cat=0
split_feature=2 1 6 8 9 3 9 1 8 8
split_gain=4.3886 6.2228 3.7532 3.31219 1.39406 3.65909 0.556588 0.0664176 0.0265533 0.000436412
threshold=0.15599211506534308 1.1274412505852673 -0.7506651905047198 -0.5527257751460336 -0.29711444178960272 -1.0000000180025095e-35 0.5340644724137088 0.55481494771467277 0.50047618207327893 0.12429523781123605
decision_type=2 2 2 2 2 2 2 2 2 2
left_child=2 7 -1 -4 8 -6 -7 9 -5 -2
right_child=1 -3 3 4 5 6 -8 -9 -10 -11
leaf_value=-0.010964392132955841 -0.02225191631791645 0.0260000981828395 -0.003204669115143072 0.022267161320411417 -0.0062757099377180508 0.012120152666727923 0.023052016859161851 -0.028336684845597111 0.024863463496848762 -0.022764453658527431
leaf_weight=3.2387161627411905 1.2342516109347341 1.333143353462219 4.5021881759166815 3.1796494573354819 3.2011478245258429 2.9501163959502907 5.0553898215293884 1.1159601733088491 3.1235681176185608 1.4395808726549146
leaf_count=15 14 3 18 14 14 13 18 7 8 14
internal_value=0.00571325 -0.0111648 0.00913751 0.0120952 0.0160291 0.0117969 0.0190235 -0.0242384 0.0235538 -0.0225279
internal_weight=30.3737 5.12294 25.2508 22.0121 17.5099 11.2067 8.00551 3.78979 6.30322 2.67383
internal_count=138 38 100 85 67 45 31 35 22 28
is_linear=0
shrinkage=0.02


Tree=90
num_leaves=11
num_cat=0
split_feature=6 8 4 7 9 9 3 6 0 3
split_gain=3.98778 3.48177 5.46331 2.48391 1.89016 3.14488 2.03362 1.41781 0.396332 0.100985
threshold=-0.7506651905047198 -0.5527257751460336 1.3370336733352652 -0.076137610184168522 -0.39996981140850457 0.20787457520087388 0.05637705060394798 0.41210575839095259 0.10947813334979781 -0.31987978689719815
decision_type=2 2 2 2 2 2 2 2 2 2
left_child=3 2 7 -1 9 -6 -7 -2 -8 -3
right_child=1 4 -4 -5 5 6 8 -9 -10 -11
leaf_value=0.0031527315508978193 -0.033444278770063653 0.018475076789943909 0.019450545024636865 -0.028380293169750694 -0.010609143791307231 0.0013787273346019455 0.011452369078387885 -0.0065718249532445419 0.021678622278866001 0.023613582440057911
leaf_weight=1.9574338495731356 1.8804619684815471 2.6872781291604042 2.062072329223156 2.0412366688251522 2.8472390100359819 4.0564432218670827 2.0828585103154182 1.3485611006617544 5.5697555392980576 3.5518416464328846
leaf_count=10 11 12 7 14 15 16 10 9 22 12
internal_value=0.00565392 0.00850473 -0.00598076 -0.0129442 0.0121904 0.00824277 0.0128269 -0.0222213 0.0188953 0.0214004
internal_weight=30.0852 26.0865 5.2911 3.99867 20.7954 14.5563 11.7091 3.22902 7.65261 6.23912
internal_count=138 114 27 24 87 63 48 20 32 24
is_linear=0
shrinkage=0.02


Tree=91
num_leaves=12
num_cat=0
split_feature=2 1 1 9 4 5 5 4 1 9 0
split_gain=4.209 6.0613 3.50236 5.25996 2.76746 1.05133 1.9877 0.206191 0.0615992 0.0399602 0.00027723
threshold=0.15599211506534308 1.1274412505852673 1.0000000180025095e-35 0.78977642988516339 1.0000000180025095e-35 0.41129137867082138 0.82102014695929593 1.0273649754552843 0.55481494771467277 0.40948061076567766 0.31481364647222476
decision_type=2 2 2 2 2 2 2 2 2 2 2
left_child=2 8 4 -4 -1 7 -7 9 10 -6 -2
right_child=1 -3 3 -5 5 6 -8 -9 -10 -11 -12
leaf_value=-0.0017778232868714936 -0.022310533957827304 0.025838097131519661 -0.02700139628673651 0.010960514058958348 0.022235484840869096 -0.0029346409963291811 0.019969984035645563 0.016920989375109465 -0.028118840941708557 0.025499332224559086 -0.022731854375547252
leaf_weight=3.882914140820513 1.5890350565314291 1.313457667827606 2.4319389238953582 3.6530128940939903 3.1282240152358991 2.4816629886627188 3.8928932696580887 2.4535025209188461 1.0985313802957533 2.8836190849542618 1.0293950140476225
leaf_count=13 18 3 16 15 14 10 13 10 7 9 10
internal_value=0.00558772 -0.0110934 0.00897025 -0.00421151 0.0132543 0.0171876 0.011053 0.021807 -0.0241438 0.023801 -0.0224762
internal_weight=29.8382 5.03042 24.8078 6.08495 18.7228 14.8399 6.37456 8.46535 3.71696 6.01184 2.61843
internal_count=138 38 100 31 69 56 23 33 35 23 28
is_linear=0
shrinkage=0.02


Tree=92
num_leaves=11
num_cat=0
split_feature=2 6 8 8 9 5 9 8 2 8
split_gain=4.08784 3.54441 3.50041 3.13321 1.38989 2.56307 1.8445 0.0232423 0.0123024 0.00038227
threshold=0.15599211506534308 -0.7506651905047198 1.6507839936674678 -0.5527257751460336 -0.29711444178960272 0.14667229810078616 0.39522192547436369 0.50047618207327893 1.0692580060655279 0.14684108861482212
decision_type=2 2 2 2 2 2 2 2 2 2
left_child=1 -1 8 -3 7 6 -6 -5 9 -2
right_child=2 3 -4 4 5 -7 -8 -9 -10 -11
leaf_value=-0.010765258101213654 -0.022131304681255414 -0.0031530892639408214 0.012140906542798917 0.022154897722754873 0.0026248591108901076 -0.0071182364783657715 0.022741001613822864 0.02462902761651713 -0.024992278867406858 -0.022663909979020156
leaf_weight=3.1983116567134919 1.1792686507105825 4.4371371045708754 1.7067439556121824 3.0480025857687094 2.6388675272464592 2.3361232578754416 5.8990975767374039 3.0271873772144318 1.0730543136596677 0.99287465214729298
leaf_count=15 14 18 5 14 12 10 23 8 9 10
internal_value=0.0055326 0.00887187 -0.0110457 0.0118086 0.0157254 0.0114445 0.0165236 0.0233877 -0.0232403 -0.0223748
internal_weight=29.5367 24.5847 4.95194 21.3864 16.9493 10.8741 8.53797 6.07519 3.2452 2.17214
internal_count=138 100 38 85 67 45 35 22 33 24
is_linear=0
shrinkage=0.02


Tree=93
num_leaves=11
num_cat=0
split_feature=2 1 1 9 4 2 2 1 4 8
split_gain=3.96504 5.83905 3.41527 4.48877 3.08853 0.791418 0.244596 0.0577117 0.009382 0.000383408
threshold=0.15599211506534308 1.1274412505852673 -0.3079714151032979 0.5340644724137088 1.0000000180025095e-35 -0.85626826048423743 -0.16528190630079223 0.55481494771467277 1.0055864473690754 0.12429523781123605
decision_type=2 2 2 2 2 2 2 2 2 2
left_child=2 7 4 -4 -1 -6 8 9 -7 -2
right_child=1 -3 3 -5 5 6 -8 -9 -10 -11
leaf_value=-0.0020013074053906472 -0.022099479746825912 0.025620590881799292 -0.021196821749811932 0.010347966003748004 0.0093880392075796279 0.022324444162202691 0.015708328474011747 -0.027895323242731203 0.023771237099086125 -0.022593900155511663
leaf_weight=3.8477525413036444 1.1596197634935377 1.2860736250877378 3.0421640649437895 4.434814989566803 3.0084325820207658 4.5603788644075447 2.5344709753990031 1.0774294659495351 2.9542736858129501 1.3668944239616392
leaf_count=13 14 3 18 18 11 20 10 7 10 14
internal_value=0.0054721 -0.0109643 0.00876853 -0.00248669 0.0137466 0.0183871 0.0210811 -0.0240197 0.0228932 -0.022367
internal_weight=29.2723 4.89002 24.3823 7.47698 16.9053 13.0576 10.0491 3.60394 7.51465 2.52651
internal_count=138 38 100 36 64 51 40 35 30 28
is_linear=0
shrinkage=0.02


Tree=94
num_leaves=11
num_cat=0
split_feature=2 5 8 1 5 5 2 7 7 5
split_gain=3.85654 6.01325 4.24152 1.64324 3.31961 1.63886 1.16928 0.930202 1.96216 0.860359
threshold=-0.15481168693072919 0.73897492003471843 -0.5527257751460336 -0.25787761015489524 -0.83584021491343741 0.92729968902310589 0.24519283511001158 -0.076137610184168522 0.65517171010659803 0.090007283672871988
decision_type=2 2 2 2 2 2 2 2 2 2
left_child=2 6 -1 7 -5 -3 -2 -4 -9 -8
right_child=1 5 3 4 -6 -7 9 8 -10 -11
leaf_value=-0.011172982662758842 -0.039891125060956413 0.023019451177147064 0.024383224705073536 0.018530705777975894 -0.013690981363668147 -0.002329042742996008 -0.02476074721848659 0.0022699911471315481 0.022715587452910208 -0.0010027421874519021
leaf_weight=3.2227917611599031 1.2567485570907577 2.0910242646932602 4.9920238405466133 2.8959186524152756 2.2905173972248987 1.9922808706760404 1.7592794597148897 3.4940569400787354 4.0583498924970627 0.93307659775018681
leaf_count=16 8 6 17 11 11 14 16 15 17 7
internal_value=0.00541643 -0.00636617 0.00993319 0.0137695 0.00430045 0.0106517 -0.0239623 0.0176844 0.0132566 -0.0165271
internal_weight=28.9861 8.03241 20.9537 17.7309 5.18644 4.08331 3.9491 12.5444 7.55241 2.69236
internal_count=138 51 87 71 22 20 31 49 32 23
is_linear=0
shrinkage=0.02


Tree=95
num_leaves=11
num_cat=0
split_feature=2 1 6 8 9 8 1 1 8 6
split_gain=3.76638 5.61519 3.40414 2.99277 1.3837 1.92275 0.909177 0.0517223 0.0211607 0.000343826
threshold=0.15599211506534308 1.1274412505852673 -0.7506651905047198 -0.5527257751460336 -0.29711444178960272 0.38353062843528613 -0.4441601708160508 0.55481494771467277 0.50047618207327893 0.75723758682633158
decision_type=2 2 2 2 2 2 2 2 2 2
left_child=2 7 -1 -4 8 6 -6 9 -5 -2
right_child=1 -3 3 4 5 -7 -8 -9 -10 -11
leaf_value=-0.010753052410844189 -0.022086805327957103 0.025394934544673595 -0.003143520799980985 0.022035562225808904 0.02222257592694005 -0.001313520391882994 0.0073071885634634886 -0.027574707439084748 0.024439760410912132 -0.02257001490392883
leaf_weight=3.1602417230606141 1.4706031829118726 1.2567224502563474 4.3893024101853468 2.9134572744369605 4.6530809849500745 3.3802669197320938 2.5200345218181361 1.0557356402277944 2.9441706836223602 0.98255750536918629
leaf_count=15 18 3 18 14 21 14 10 7 8 10
internal_value=0.0053574 -0.010881 0.00858712 0.0115255 0.0154489 0.0111223 0.0169826 -0.0238733 0.023244 -0.0222803
internal_weight=28.7262 4.76562 23.9606 20.8003 16.411 10.5534 7.17312 3.5089 5.85763 2.45316
internal_count=138 38 100 85 67 45 31 35 22 28
is_linear=0
shrinkage=0.02


Tree=96
num_leaves=11
num_cat=0
split_feature=2 1 6 1 9 5 2 2 1 6
split_gain=3.65603 5.48127 3.29718 2.85518 4.9658 1.50585 2.3657 1.44982 0.0484462 0.000321383
threshold=0.15599211506534308 1.1274412505852673 -0.7506651905047198 1.0000000180025095e-35 0.78977642988516339 0.6480025129075333 -0.35416470024713537 -0.85626826048423743 0.55481494771467277 0.75723758682633158
decision_type=2 2 2 2 2 2 2 2 2 2
left_child=2 8 -1 5 -5 6 7 -4 9 -2
right_child=1 -3 3 4 -6 -7 -8 -9 -10 -11
leaf_value=-0.010556873253000133 -0.022041672941873643 0.025259678484034393 0.0043035145496239397 -0.027759752957242451 0.013291113263884793 0.023790838159815308 -0.0076227456633358509 0.022567355524275762 -0.027392360352754018 -0.022512995622095952
leaf_weight=3.1546462625265184 1.4444052204489706 1.2383672893047331 2.6866730153560692 1.8482469245791424 3.2537583708763123 5.7464544475078574 2.1529730707406962 4.9265310019254684 1.0416499897837637 0.96551634371280659
leaf_count=15 18 3 11 11 13 19 10 21 7 10
internal_value=0.00530064 -0.0108373 0.00848483 0.0113988 -0.00157993 0.0156674 0.0108875 0.0161221 -0.0237883 -0.0222305
internal_weight=28.4592 4.68994 23.7693 20.6146 5.10201 15.5126 9.76618 7.6132 3.45157 2.40992
internal_count=138 38 100 85 24 61 42 32 35 28
is_linear=0
shrinkage=0.02


Tree=97
num_leaves=12
num_cat=0
split_feature=2 5 8 5 2 9 3 2 5 6 3
split_gain=3.59284 5.68699 4.05822 1.5319 1.17818 1.64942 2.57684 1.12443 0.810899 0.583476 0.118567
threshold=-0.15481168693072919 0.73897492003471843 -0.5527257751460336 0.92729968902310589 -0.52748916613383812 0.5340644724137088 -0.16017884261229484 0.24519283511001158 0.090007283672871988 0.25692970242184959 0.95620799138247847
decision_type=2 2 2 2 2 2 2 2 2 2 2
left_child=2 7 -1 -3 5 6 -4 -2 -9 -7 -6
right_child=1 3 4 -5 10 9 -8 8 -10 -11 -12
leaf_value=-0.011052472356240042 -0.039461953320405752 0.022686121252147591 0.013415796183177758 -0.0022267642450469918 0.018049510800224086 0.010003529533036929 -0.013980192235013143 -0.024461567048131138 -0.00093826338720457672 0.022913525263765961 0.023759848611159633
leaf_weight=3.1914367750287118 1.2332481220364564 2.0162981078028683 3.3292915374040666 1.9345239251852033 2.9970918446779207 2.4620988368988037 2.3375593796372405 1.6777482777833941 0.9009605050086974 3.247180312871933 2.8257834017276764
leaf_count=16 8 6 14 14 15 10 11 16 7 12 9
internal_value=0.00525214 -0.00632735 0.00966053 0.0104875 0.013504 0.00975899 0.00211503 -0.0237547 -0.0162429 0.0173462 0.0208207
internal_weight=28.1532 7.76278 20.3904 3.95082 17.199 11.3761 5.66685 3.81196 2.57871 5.70928 5.82288
internal_count=138 51 87 20 71 47 25 31 23 22 24
is_linear=0
shrinkage=0.02


Tree=98
num_leaves=11
num_cat=0
split_feature=2 5 1 7 6 7 5 2 5 5
split_gain=3.48025 5.5155 3.35436 4.98413 1.8318 2.53205 1.49659 1.08489 0.801316 0.0100278
threshold=-0.15481168693072919 0.73897492003471843 -1.0000000180025095e-35 0.47665578114203039 0.47101012377621387 -0.076137610184168522 0.92729968902310589 0.24519283511001158 0.090007283672871988 0.41129137867082138
decision_type=2 2 2 2 2 2 2 2 2 2
left_child=2 7 4 -4 5 -1 -3 -2 -9 -6
right_child=1 6 3 -5 9 -7 -8 8 -10 -11
leaf_value=0.018099526102167664 -0.039003423059621685 0.022518718902660089 -0.026486484602323439 0.012145350403754026 0.022031261674780003 -0.0038757520825606464 -0.0021822681174464916 -0.024372203975526509 -0.00091965642145654862 0.023643246605469063
leaf_weight=4.8169520944356945 1.2228958420455449 1.9909172132611277 2.2699925303459176 3.2461768090724945 3.1019409596920022 3.7147047966718665 1.9344895929098127 1.6504958383738997 0.90080629289150227 3.0727433264255524
leaf_count=16 8 6 16 13 15 16 14 16 7 11
internal_value=0.00519079 -0.00625233 0.0095477 -0.00375227 0.0145364 0.00853143 0.0103458 -0.0235154 -0.0160916 0.0228334
internal_weight=27.9221 7.6996 20.2225 5.51617 14.7063 8.53166 3.92541 3.7742 2.5513 6.17468
internal_count=138 51 87 29 58 32 20 31 23 26
is_linear=0
shrinkage=0.02


Tree=99
num_leaves=11
num_cat=0
split_feature=2 1 6 8 9 3 9 1 8 6
split_gain=3.40367 5.19898 3.14622 2.80398 1.34391 3.4427 0.561149 0.0415537 0.0164777 0.000318636
threshold=0.15599211506534308 1.1274412505852673 -0.7506651905047198 -0.5527257751460336 -0.29711444178960272 -1.0000000180025095e-35 0.5340644724137088 0.55481494771467277 0.50047618207327893 -0.40006464830010696
decision_type=2 2 2 2 2 2 2 2 2 2
left_child=2 7 -1 -4 8 -6 -7 9 -5 -2
right_child=1 -3 3 4 5 6 -8 -9 -10 -11
leaf_value=-0.010462900260959166 -0.021772700698644051 0.024979867305767917 -0.0031934000212205122 0.021894700344847935 -0.0070691933560068192 0.011038398720214759 0.022630193606128082 -0.026980063139488225 0.02407778232091335 -0.022279490142269633
leaf_weight=3.1134193092584672 0.72095281258225474 1.1988241374492643 4.2850675508380016 2.7483803033828815 3.0428157597780281 2.6565775275230195 4.5001914203166962 1.0122912377119062 2.7837848961353302 1.592197593301534
leaf_count=15 10 3 18 14 14 13 18 7 8 18
internal_value=0.00513702 -0.0107279 0.00824018 0.0111493 0.015056 0.0107509 0.0183273 -0.0236005 0.0229932 -0.0221215
internal_weight=27.6545 4.52427 23.1302 20.0168 15.7317 10.1996 7.15677 3.32544 5.53217 2.31315
internal_count=138 38 100 85 67 45 31 35 22 28
is_linear=0
shrinkage=0.02


end of trees

feature_importances:
Column_8=173
Column_1=159
Column_6=125
Column_2=116
Column_4=100
Column_0=90
Column_9=76
Column_5=70
Column_3=55
Column_7=44

parameters:
[boosting: gbdt]
[objective: binary]
[metric: binary_logloss]
[tree_learner: serial]
[device_type: cpu]
[data_sample_strategy: bagging]
[data: ]
[valid: ]
[num_iterations: 100]
[learning_rate: 0.02]
[num_leaves: 50]
[num_threads: 0]
[seed: 0]
[deterministic: 0]
[force_col_wise: 0]
[force_row_wise: 0]
[histogram_pool_size: -1]
[max_depth: 6]
[min_data_in_leaf: 10]
[min_sum_hessian_in_leaf: 0.001]
[bagging_fraction: 0.8]
[pos_bagging_fraction: 1]
[neg_bagging_fraction: 1]
[bagging_freq: 0]
[bagging_seed: 3]
[bagging_by_query: 0]
[feature_fraction: 0.8]
[feature_fraction_bynode: 1]
[feature_fraction_seed: 2]
[extra_trees: 0]
[extra_seed: 6]
[early_stopping_round: 0]
[early_stopping_min_delta: 0]
[first_metric_only: 0]
[max_delta_step: 0]
[lambda_l1: 0]
[lambda_l2: 0]
[linear_lambda: 0]
[min_gain_to_split: 0]
[drop_rate: 0.1]
[max_drop: 50]
[skip_drop: 0.5]
[xgboost_dart_mode: 0]
[uniform_drop: 0]
[drop_seed: 4]
[top_rate: 0.2]
[other_rate: 0.1]
[min_data_per_group: 100]
[max_cat_threshold: 32]
[cat_l2: 10]
[cat_smooth: 10]
[max_cat_to_onehot: 4]
[top_k: 20]
[monotone_constraints: ]
[monotone_constraints_method: basic]
[monotone_penalty: 0]
[feature_contri: ]
[forcedsplits_filename: ]
[refit_decay_rate: 0.9]
[cegb_tradeoff: 1]
[cegb_penalty_split: 0]
[cegb_penalty_feature_lazy: ]
[cegb_penalty_feature_coupled: ]
[path_smooth: 0]
[interaction_constraints: ]
[verbosity: -1]
[saved_feature_importance_type: 0]
[use_quantized_grad: 0]
[num_grad_quant_bins: 4]
[quant_train_renew_leaf: 0]
[stochastic_rounding: 1]
[linear_tree: 0]
[max_bin: 255]
[max_bin_by_feature: ]
[min_data_in_bin: 3]
[bin_construct_sample_cnt: 200000]
[data_random_seed: 1]
[is_enable_sparse: 1]
[enable_bundle: 1]
[use_missing: 1]
[zero_as_missing: 0]
[feature_pre_filter: 1]
[pre_partition: 0]
[two_round: 0]
[header: 0]
[label_column: ]
[weight_column: ]
[group_column: ]
[ignore_column: ]
[categorical_feature: ]
[forcedbins_filename: ]
[precise_float_parser: 0]
[parser_config_file: ]
[objective_seed: 5]
[num_class: 1]
[is_unbalance: 0]
[scale_pos_weight: 2.50454]
[sigmoid: 1]
[boost_from_average: 1]
[reg_sqrt: 0]
[alpha: 0.9]
[fair_c: 1]
[poisson_max_delta_step: 0.7]
[tweedie_variance_power: 1.5]
[lambdarank_truncation_level: 30]
[lambdarank_norm: 1]
[label_gain: ]
[lambdarank_position_bias_regularization: 0]
[eval_at: ]
[multi_error_top_k: 1]
[auc_mu_weights: ]
[num_machines: 1]
[local_listen_port: 12400]
[time_out: 120]
[machine_list_filename: ]
[machines: ]
[gpu_platform_id: -1]
[gpu_device_id: -1]
[gpu_use_dp: 0]
[num_gpu: 1]

end of parameters

pandas_categorical:null
